"name","group","role","module","degree","Phylum","Class","Order","Family","Genus"
"OTU421","SS0","Connector",19,9,"p__Chloroflexi","c__Anaerolineae","o__SJA-15","f__SJA-15","g__SJA-15"
"OTU104","SS100","Connector",2,43,"p__Proteobacteria","c__Alphaproteobacteria","o__Rhizobiales","f__Rhizobiales_Incertae_Sedis","g__uncultured"
"OTU107","SS100","Connector",2,43,"p__Proteobacteria","c__Alphaproteobacteria","o__Rhizobiales","f__Beijerinckiaceae","g__Methylocystis"
"OTU143","SS100","Connector",2,43,"p__Proteobacteria","c__Alphaproteobacteria","o__Rhodobacterales","f__Rhodobacteraceae","g__"
"OTU167","SS100","Connector",2,31,"p__Proteobacteria","c__Alphaproteobacteria","o__Rhizobiales","f__Rhizobiales_Incertae_Sedis","g__uncultured"
"OTU233","SS100","Connector",2,31,"p__Verrucomicrobiota","c__Verrucomicrobiae","o__Verrucomicrobiales","f__Rubritaleaceae","g__Luteolibacter"
"OTU246","SS100","Connector",2,43,"p__Proteobacteria","c__Alphaproteobacteria","o__Rhodobacterales","f__Rhodobacteraceae","g__"
"OTU268","SS100","Connector",2,31,"p__Proteobacteria","c__Gammaproteobacteria","o__Burkholderiales","f__SC-I-84","g__SC-I-84"
"OTU272","SS100","Connector",2,31,"p__Proteobacteria","c__Alphaproteobacteria","o__Rhizobiales","f__Beijerinckiaceae","g__"
"OTU312","SS100","Connector",2,43,"p__Cyanobacteria","c__Cyanobacteriia","o__Limnotrichales","f__Limnotrichaceae","g__Limnothrix"
"OTU330","SS100","Connector",2,43,"p__Proteobacteria","c__Alphaproteobacteria","o__uncultured","f__uncultured","g__uncultured"
"OTU462","SS100","Connector",2,43,"p__Proteobacteria","c__Alphaproteobacteria","o__Rhizobiales","f__Rhizobiaceae","g__"
"OTU556","SS100","Connector",2,31,"p__Acidobacteriota","c__Vicinamibacteria","o__Subgroup_17","f__Subgroup_17","g__Subgroup_17"
"OTU92","SS100","Connector",2,43,"p__Cyanobacteria","c__Cyanobacteriia","o__Cyanobacteriales","f__Phormidiaceae","g__"
"OTU96","SS100","Connector",2,43,"p__Proteobacteria","c__Alphaproteobacteria","o__Rhizobiales","f__Beijerinckiaceae","g__Methylocystis"
"OTU974","SS100","Connector",2,31,"p__Firmicutes","c__Bacilli","o__Erysipelotrichales","f__Erysipelotrichaceae","g__ZOR0006"
"OTU541","SS100","Connector",3,9,"p__Proteobacteria","c__Gammaproteobacteria","o__Steroidobacterales","f__Steroidobacteraceae","g__uncultured"
"OTU83","SS100","Connector",3,9,"p__Firmicutes","c__Clostridia","o__Lachnospirales","f__Lachnospiraceae","g__Tyzzerella"
