"parameters","SS0","SS100"
"Empirical Network","",""
"Similarity threshold (St)","0.93","0.93"
"Node number (N)","149","315"
"Edge number (N)","318","2865"
"Positive edges (%)","82.70","89.88"
"Negative edges (%)","17.30","10.12"
"Average degree (avgK)","4.268","18.190"
"Module number (N)","21","15"
"Powerlaw R2","0.654","0.466"
"Powerlaw R2 (log)","0.558","0.245"
"Max node vulnerability","0.124","0.045"
"Network vulnerability","0.937","0.329"
"Average cluster coefficient (avgCC)","0.473","0.538"
"Modularity (M)","0.804","0.560"
"Average path distance (GD)","4.598","5.059"
"Random Network","",""
"Average cluster coefficient (avgCC)","0.044±0.004","0.160±0.004"
"Modularity (M)","0.365±0.005","0.074±0.005"
"Average path distance (GD)","3.560±0.011","2.458±0.026"
