"geneid","Kingdom","Phylum","Class","Order","Family","Genus","Species","fc"
"OTU1","k__Bacteria","p__Firmicutes","c__Clostridia","o__Clostridiales","f__Clostridiaceae","g__Clostridium_sensu_stricto_1","s__Clostridium_colicanis",9848
"OTU10","k__Bacteria","p__Firmicutes","c__Bacilli","o__Erysipelotrichales","f__Erysipelotrichaceae","g__[Anaerorhabdus]_furcosa_group","s__",23782
"OTU100","k__Bacteria","p__Firmicutes","c__Bacilli","o__Mycoplasmatales","f__Mycoplasmataceae","g__Candidatus_Bacilloplasma","s__uncultured_bacterium",738
"OTU1000","k__Bacteria","p__Chloroflexi","c__Anaerolineae","o__Anaerolineales","f__Anaerolineaceae","g__uncultured","s__uncultured_Chloroflexi",46
"OTU1002","k__Bacteria","p__Proteobacteria","c__Alphaproteobacteria","o__Caedibacterales","f__Caedibacteraceae","g__uncultured","s__uncultured_bacterium",30
"OTU1008","k__Bacteria","p__Actinobacteriota","c__Acidimicrobiia","o__Microtrichales","f__Ilumatobacteraceae","g__CL500-29_marine_group","s__metagenome",35
"OTU1024","k__Bacteria","p__Proteobacteria","c__Gammaproteobacteria","o__Vibrionales","f__Vibrionaceae","g__Vibrio","s__",9
"OTU1032","k__Bacteria","p__Proteobacteria","c__Alphaproteobacteria","o__Rhizobiales","f__Rhizobiaceae","g__Nitratireductor","s__uncultured_Alphaproteobacteria",37
"OTU1037","k__Bacteria","p__Chloroflexi","c__Anaerolineae","o__SJA-15","f__SJA-15","g__SJA-15","s__",33
"OTU104","k__Bacteria","p__Proteobacteria","c__Alphaproteobacteria","o__Rhizobiales","f__Rhizobiales_Incertae_Sedis","g__uncultured","s__",1339
"OTU1042","k__Bacteria","p__Chloroflexi","c__Anaerolineae","o__Anaerolineales","f__Anaerolineaceae","g__uncultured","s__",36
"OTU105","k__Bacteria","p__Firmicutes","c__Bacilli","o__Mycoplasmatales","f__Mycoplasmataceae","g__Candidatus_Bacilloplasma","s__uncultured_bacterium",736
"OTU106","k__Bacteria","p__Cyanobacteria","c__Cyanobacteriia","o__Oxyphotobacteria_Incertae_Sedis","f__Unknown_Family","g__Leptolyngbya_ANT.L52.2","s__Leptolyngbya_sp.",367
"OTU1063","k__Bacteria","p__Desulfobacterota","c__Desulfobaccia","o__Desulfobaccales","f__Desulfobaccaceae","g__Desulfobacca","s__Desulfobacca_acetoxidans",55
"OTU107","k__Bacteria","p__Proteobacteria","c__Alphaproteobacteria","o__Rhizobiales","f__Beijerinckiaceae","g__Methylocystis","s__",795
"OTU1076","k__Bacteria","p__Actinobacteriota","c__Actinobacteria","o__Frankiales","f__Sporichthyaceae","g__hgcI_clade","s__uncultured_bacterium",22
"OTU108","k__Bacteria","p__Proteobacteria","c__Gammaproteobacteria","o__Burkholderiales","f__Rhodocyclaceae","g__Niveibacterium","s__uncultured_bacterium",574
"OTU1082","k__Bacteria","p__Proteobacteria","c__Alphaproteobacteria","o__Rhodobacterales","f__Rhodobacteraceae","g__","s__",24
"OTU109","k__Bacteria","p__Proteobacteria","c__Alphaproteobacteria","o__Rhizobiales","f__Rhizobiales_Incertae_Sedis","g__uncultured","s__",1297
"OTU11","k__Bacteria","p__Proteobacteria","c__Gammaproteobacteria","o__Enterobacterales","f__Enterobacteriaceae","g__Plesiomonas","s__Plesiomonas_shigelloides",2803
"OTU110","k__Bacteria","p__Firmicutes","c__Clostridia","o__Lachnospirales","f__Lachnospiraceae","g__","s__",1136
"OTU1108","k__Bacteria","p__Proteobacteria","c__Gammaproteobacteria","o__Steroidobacterales","f__Steroidobacteraceae","g__uncultured","s__",5
"OTU111","k__Bacteria","p__Proteobacteria","c__Alphaproteobacteria","o__Rhizobiales","f__Rhizobiales_Incertae_Sedis","g__uncultured","s__",1360
"OTU1154","k__Bacteria","p__Desulfobacterota","c__Desulfomonilia","o__Desulfomonilales","f__Desulfomonilaceae","g__Desulfomonile","s__uncultured_bacterium",32
"OTU1167","k__Bacteria","p__Chloroflexi","c__Anaerolineae","o__Anaerolineales","f__Anaerolineaceae","g__RBG-16-58-14","s__uncultured_Chloroflexi",38
"OTU117","k__Bacteria","p__Proteobacteria","c__Gammaproteobacteria","o__Enterobacterales","f__Enterobacteriaceae","g__Kluyvera","s__Kluyvera_georgiana",337
"OTU1189","k__Bacteria","p__Actinobacteriota","c__Acidimicrobiia","o__IMCC26256","f__IMCC26256","g__IMCC26256","s__uncultured_Acidimicrobiia",26
"OTU119","k__Bacteria","p__Cyanobacteria","c__Cyanobacteriia","o__Synechococcales","f__Cyanobiaceae","g__Cyanobium_PCC-6307","s__",293
"OTU120","k__Bacteria","p__Proteobacteria","c__Gammaproteobacteria","o__Alteromonadales","f__Shewanellaceae","g__Shewanella","s__",180
"OTU1218","k__Bacteria","p__Chloroflexi","c__Anaerolineae","o__Caldilineales","f__Caldilineaceae","g__uncultured","s__uncultured_bacterium",39
"OTU125","k__Bacteria","p__Firmicutes","c__Clostridia","o__Clostridiales","f__Clostridiaceae","g__Clostridium_sensu_stricto_1","s__uncultured_Clostridia",95
"OTU1254","k__Bacteria","p__Firmicutes","c__Bacilli","o__Lactobacillales","f__Streptococcaceae","g__Streptococcus","s__",8
"OTU1261","k__Bacteria","p__Actinobacteriota","c__Acidimicrobiia","o__Microtrichales","f__Ilumatobacteraceae","g__CL500-29_marine_group","s__metagenome",46
"OTU128","k__Bacteria","p__Cyanobacteria","c__Cyanobacteriia","o__Synechococcales","f__Cyanobiaceae","g__Cyanobium_PCC-6307","s__",255
"OTU130","k__Bacteria","p__Proteobacteria","c__Gammaproteobacteria","o__Enterobacterales","f__Enterobacteriaceae","g__","s__",440
"OTU131","k__Bacteria","p__Cyanobacteria","c__Cyanobacteriia","o__Cyanobacteriales","f__Phormidiaceae","g__Planktothrix_NIVA-CYA_15","s__bacterium_enrichment",313
"OTU1319","k__Bacteria","p__Chloroflexi","c__Anaerolineae","o__SJA-15","f__SJA-15","g__SJA-15","s__uncultured_bacterium",43
"OTU135","k__Bacteria","p__Proteobacteria","c__Alphaproteobacteria","o__Rhizobiales","f__Beijerinckiaceae","g__alphaI_cluster","s__",769
"OTU137","k__Bacteria","p__Proteobacteria","c__Gammaproteobacteria","o__Enterobacterales","f__Enterobacteriaceae","g__Klebsiella","s__",928
"OTU138","k__Bacteria","p__Proteobacteria","c__Gammaproteobacteria","o__Burkholderiales","f__Chromobacteriaceae","g__Vogesella","s__Hydromonas_duriensis",242
"OTU14","k__Bacteria","p__Firmicutes","c__Clostridia","o__Peptostreptococcales-Tissierellales","f__Peptostreptococcaceae","g__Romboutsia","s__",620
"OTU141","k__Bacteria","p__Patescibacteria","c__Saccharimonadia","o__Saccharimonadales","f__LWQ8","g__LWQ8","s__uncultured_bacterium",150
"OTU143","k__Bacteria","p__Proteobacteria","c__Alphaproteobacteria","o__Rhodobacterales","f__Rhodobacteraceae","g__","s__",947
"OTU146","k__Bacteria","p__Proteobacteria","c__Alphaproteobacteria","o__Rhodobacterales","f__Rhodobacteraceae","g__Defluviimonas","s__uncultured_bacterium",190
"OTU147","k__Bacteria","p__Proteobacteria","c__Alphaproteobacteria","o__Rhodobacterales","f__Rhodobacteraceae","g__Rhodobacter","s__",303
"OTU149","k__Bacteria","p__Proteobacteria","c__Gammaproteobacteria","o__Burkholderiales","f__Rhodocyclaceae","g__Propionivibrio","s__uncultured_bacterium",190
"OTU15","k__Bacteria","p__Firmicutes","c__Clostridia","o__Lachnospirales","f__Lachnospiraceae","g__Tyzzerella","s__uncultured_bacterium",21005
"OTU150","k__Bacteria","p__Proteobacteria","c__Gammaproteobacteria","o__Methylococcales","f__Methylomonadaceae","g__Crenothrix","s__uncultured_bacterium",627
"OTU151","k__Bacteria","p__Proteobacteria","c__Alphaproteobacteria","o__Rhizobiales","f__Hyphomicrobiaceae","g__Hyphomicrobium","s__",629
"OTU153","k__Bacteria","p__Cyanobacteria","c__Vampirivibrionia","o__Caenarcaniphilales","f__Caenarcaniphilales","g__Caenarcaniphilales","s__",1244
"OTU155","k__Bacteria","p__Firmicutes","c__Bacilli","o__Lactobacillales","f__Leuconostocaceae","g__Leuconostoc","s__Leuconostoc_lactis",783
"OTU158","k__Bacteria","p__Cyanobacteria","c__Cyanobacteriia","o__Synechococcales","f__Cyanobiaceae","g__Cyanobium_PCC-6307","s__",185
"OTU1584","k__Bacteria","p__Proteobacteria","c__Alphaproteobacteria","o__Rickettsiales","f__Rickettsiaceae","g__Candidatus_Trichorickettsia","s__Candidatus_Trichorickettsia",28
"OTU16","k__Bacteria","p__Bacteroidota","c__Bacteroidia","o__Bacteroidales","f__Bacteroidaceae","g__Bacteroides","s__",17018
"OTU160","k__Bacteria","p__Verrucomicrobiota","c__Verrucomicrobiae","o__Verrucomicrobiales","f__Rubritaleaceae","g__Luteolibacter","s__",671
"OTU164","k__Bacteria","p__Firmicutes","c__Bacilli","o__Erysipelotrichales","f__Erysipelotrichaceae","g__Dielma","s__uncultured_bacterium",758
"OTU167","k__Bacteria","p__Proteobacteria","c__Alphaproteobacteria","o__Rhizobiales","f__Rhizobiales_Incertae_Sedis","g__uncultured","s__metagenome",530
"OTU169","k__Bacteria","p__Cyanobacteria","c__Cyanobacteriia","o__Synechococcales","f__Cyanobiaceae","g__Cyanobium_PCC-6307","s__bacterium_enrichment",137
"OTU172","k__Bacteria","p__Firmicutes","c__Clostridia","o__Clostridiales","f__Clostridiaceae","g__Clostridium_sensu_stricto_1","s__",350
"OTU175","k__Bacteria","p__Proteobacteria","c__Alphaproteobacteria","o__Rhizobiales","f__Rhizobiales_Incertae_Sedis","g__uncultured","s__uncultured_bacterium",330
"OTU1779","k__Bacteria","p__Proteobacteria","c__Gammaproteobacteria","o__Competibacterales","f__Competibacteraceae","g__Candidatus_Competibacter","s__uncultured_bacterium",10
"OTU1797","k__Bacteria","p__Actinobacteriota","c__Acidimicrobiia","o__Microtrichales","f__Ilumatobacteraceae","g__uncultured","s__",18
"OTU18","k__Bacteria","p__Fusobacteriota","c__Fusobacteriia","o__Fusobacteriales","f__Fusobacteriaceae","g__Cetobacterium","s__uncultured_bacterium",502
"OTU180","k__Bacteria","p__Cyanobacteria","c__Cyanobacteriia","o__Synechococcales","f__Cyanobiaceae","g__Cyanobium_PCC-6307","s__",213
"OTU186","k__Bacteria","p__Firmicutes","c__Bacilli","o__Lactobacillales","f__Leuconostocaceae","g__Weissella","s__",1454
"OTU19","k__Bacteria","p__Proteobacteria","c__Gammaproteobacteria","o__Pseudomonadales","f__Pseudomonadaceae","g__Pseudomonas","s__",1791
"OTU199","k__Bacteria","p__Proteobacteria","c__Alphaproteobacteria","o__Rhizobiales","f__Rhizobiales_Incertae_Sedis","g__Nordella","s__uncultured_bacterium",411
"OTU2","k__Bacteria","p__Fusobacteriota","c__Fusobacteriia","o__Fusobacteriales","f__Fusobacteriaceae","g__Cetobacterium","s__uncultured_bacterium",4089
"OTU20","k__Bacteria","p__Bacteroidota","c__Bacteroidia","o__Bacteroidales","f__Dysgonomonadaceae","g__Dysgonomonas","s__Dysgonomonas_alginatilytica",4198
"OTU200","k__Bacteria","p__Proteobacteria","c__Gammaproteobacteria","o__Methylococcales","f__Methylococcaceae","g__Methyloparacoccus","s__uncultured_bacterium",294
"OTU203","k__Bacteria","p__Proteobacteria","c__Gammaproteobacteria","o__Steroidobacterales","f__Steroidobacteraceae","g__uncultured","s__",208
"OTU205","k__Bacteria","p__Proteobacteria","c__Alphaproteobacteria","o__Rhodobacterales","f__Rhodobacteraceae","g__Tropicimonas","s__uncultured_bacterium",633
"OTU21","k__Bacteria","p__Firmicutes","c__Bacilli","o__Mycoplasmatales","f__Mycoplasmataceae","g__Candidatus_Bacilloplasma","s__uncultured_bacterium",4054
"OTU212","k__Bacteria","p__Firmicutes","c__Bacilli","o__Lactobacillales","f__Leuconostocaceae","g__Weissella","s__Weissella_cibaria",1203
"OTU214","k__Bacteria","p__Proteobacteria","c__Alphaproteobacteria","o__Rhizobiales","f__Beijerinckiaceae","g__alphaI_cluster","s__",476
"OTU217","k__Bacteria","p__Proteobacteria","c__Alphaproteobacteria","o__Rhizobiales","f__Rhizobiales_Incertae_Sedis","g__Phreatobacter","s__uncultured_bacterium",672
"OTU218","k__Bacteria","p__Cyanobacteria","c__Vampirivibrionia","o__Caenarcaniphilales","f__Caenarcaniphilales","g__Caenarcaniphilales","s__uncultured_Firmicutes",511
"OTU22","k__Bacteria","p__Proteobacteria","c__Gammaproteobacteria","o__Enterobacterales","f__Enterobacteriaceae","g__Citrobacter","s__",5864
"OTU223","k__Bacteria","p__Proteobacteria","c__Gammaproteobacteria","o__Steroidobacterales","f__Steroidobacteraceae","g__uncultured","s__",187
"OTU224","k__Bacteria","p__Firmicutes","c__Clostridia","o__Peptostreptococcales-Tissierellales","f__Peptostreptococcaceae","g__Paeniclostridium","s__uncultured_bacterium",114
"OTU226","k__Bacteria","p__Proteobacteria","c__Alphaproteobacteria","o__uncultured","f__uncultured","g__uncultured","s__",466
"OTU229","k__Bacteria","p__Proteobacteria","c__Gammaproteobacteria","o__Competibacterales","f__Competibacteraceae","g__Candidatus_Competibacter","s__uncultured_bacterium",439
"OTU23","k__Bacteria","p__Firmicutes","c__Clostridia","o__Lachnospirales","f__Lachnospiraceae","g__Tyzzerella","s__",4964
"OTU232","k__Bacteria","p__Fusobacteriota","c__Fusobacteriia","o__Fusobacteriales","f__Fusobacteriaceae","g__Cetobacterium","s__uncultured_bacterium",231
"OTU233","k__Bacteria","p__Verrucomicrobiota","c__Verrucomicrobiae","o__Verrucomicrobiales","f__Rubritaleaceae","g__Luteolibacter","s__",322
"OTU238","k__Bacteria","p__Proteobacteria","c__Alphaproteobacteria","o__Rhizobiales","f__Rhizobiales_Incertae_Sedis","g__uncultured","s__uncultured_bacterium",307
"OTU24","k__Bacteria","p__Firmicutes","c__Bacilli","o__Lactobacillales","f__Streptococcaceae","g__Lactococcus","s__Lactococcus_lactis",10035
"OTU241","k__Bacteria","p__Proteobacteria","c__Alphaproteobacteria","o__Acetobacterales","f__Acetobacteraceae","g__Roseomonas","s__",330
"OTU242","k__Bacteria","p__Fusobacteriota","c__Fusobacteriia","o__Fusobacteriales","f__Fusobacteriaceae","g__Cetobacterium","s__uncultured_bacterium",304
"OTU244","k__Bacteria","p__Proteobacteria","c__Gammaproteobacteria","o__Methylococcales","f__Methylococcaceae","g__Methylococcaceae","s__",47
"OTU246","k__Bacteria","p__Proteobacteria","c__Alphaproteobacteria","o__Rhodobacterales","f__Rhodobacteraceae","g__","s__",318
"OTU249","k__Bacteria","p__Proteobacteria","c__Alphaproteobacteria","o__Rhodobacterales","f__Rhodobacteraceae","g__","s__",122
"OTU25","k__Bacteria","p__Proteobacteria","c__Gammaproteobacteria","o__Enterobacterales","f__Enterobacteriaceae","g__","s__",12067
"OTU250","k__Bacteria","p__Firmicutes","c__Clostridia","o__Clostridiales","f__Clostridiaceae","g__Clostridium_sensu_stricto_1","s__",75
"OTU251","k__Bacteria","p__Proteobacteria","c__Gammaproteobacteria","o__Burkholderiales","f__Sutterellaceae","g__uncultured","s__uncultured_bacterium",129
"OTU252","k__Bacteria","p__Proteobacteria","c__Alphaproteobacteria","o__Rhizobiales","f__Rhizobiales_Incertae_Sedis","g__Phreatobacter","s__",290
"OTU253","k__Bacteria","p__Proteobacteria","c__Alphaproteobacteria","o__Rhodobacterales","f__Rhodobacteraceae","g__Rhodobacter","s__",145
"OTU254","k__Bacteria","p__Firmicutes","c__Bacilli","o__Lactobacillales","f__Streptococcaceae","g__Lactovum","s__uncultured_bacterium",138
"OTU256","k__Bacteria","p__Proteobacteria","c__Gammaproteobacteria","o__Competibacterales","f__Competibacteraceae","g__Candidatus_Competibacter","s__uncultured_bacterium",297
"OTU259","k__Bacteria","p__Proteobacteria","c__Alphaproteobacteria","o__Rhodobacterales","f__Rhodobacteraceae","g__Thioclava","s__uncultured_bacterium",189
"OTU26","k__Bacteria","p__Firmicutes","c__Bacilli","o__Erysipelotrichales","f__Erysipelotrichaceae","g__[Anaerorhabdus]_furcosa_group","s__uncultured_Anaerorhabdus",17097
"OTU266","k__Bacteria","p__Cyanobacteria","c__Cyanobacteriia","o__Synechococcales","f__Cyanobiaceae","g__Cyanobium_PCC-6307","s__",147
"OTU268","k__Bacteria","p__Proteobacteria","c__Gammaproteobacteria","o__Burkholderiales","f__SC-I-84","g__SC-I-84","s__uncultured_bacterium",191
"OTU269","k__Bacteria","p__Proteobacteria","c__Gammaproteobacteria","o__Steroidobacterales","f__Steroidobacteraceae","g__uncultured","s__",130
"OTU27","k__Bacteria","p__Proteobacteria","c__Gammaproteobacteria","o__Enterobacterales","f__Enterobacteriaceae","g__Citrobacter","s__",20112
"OTU272","k__Bacteria","p__Proteobacteria","c__Alphaproteobacteria","o__Rhizobiales","f__Beijerinckiaceae","g__","s__",188
"OTU274","k__Bacteria","p__Proteobacteria","c__Alphaproteobacteria","o__Rhizobiales","f__Rhizobiaceae","g__Allorhizobium-Neorhizobium-Pararhizobium-Rhizobium","s__",499
"OTU275","k__Bacteria","p__Proteobacteria","c__Gammaproteobacteria","o__Enterobacterales","f__Enterobacteriaceae","g__Klebsiella","s__",167
"OTU278","k__Bacteria","p__Chloroflexi","c__Anaerolineae","o__Anaerolineales","f__Anaerolineaceae","g__uncultured","s__",269
"OTU28","k__Bacteria","p__Proteobacteria","c__Gammaproteobacteria","o__Enterobacterales","f__Enterobacteriaceae","g__","s__",4511
"OTU285","k__Bacteria","p__Bacteroidota","c__Bacteroidia","o__Bacteroidales","f__Bacteroidaceae","g__Bacteroides","s__",29
"OTU286","k__Bacteria","p__Proteobacteria","c__Alphaproteobacteria","o__Rhizobiales","f__Rhizobiales_Incertae_Sedis","g__uncultured","s__uncultured_bacterium",207
"OTU288","k__Bacteria","p__Proteobacteria","c__Alphaproteobacteria","o__Rhizobiales","f__Rhizobiales_Incertae_Sedis","g__uncultured","s__",260
"OTU289","k__Bacteria","p__Proteobacteria","c__Alphaproteobacteria","o__Rhodobacterales","f__Rhodobacteraceae","g__Rhodobacter","s__",228
"OTU29","k__Bacteria","p__Firmicutes","c__Bacilli","o__Lactobacillales","f__Leuconostocaceae","g__Weissella","s__",8023
"OTU290","k__Bacteria","p__Chloroflexi","c__Anaerolineae","o__Anaerolineales","f__Anaerolineaceae","g__uncultured","s__uncultured_Anaerolineaceae",310
"OTU292","k__Bacteria","p__Proteobacteria","c__Alphaproteobacteria","o__Rhizobiales","f__Rhizobiales_Incertae_Sedis","g__uncultured","s__uncultured_bacterium",193
"OTU295","k__Bacteria","p__Cyanobacteria","c__Cyanobacteriia","o__Synechococcales","f__Cyanobiaceae","g__Cyanobium_PCC-6307","s__",354
"OTU3","k__Bacteria","p__Firmicutes","c__Bacilli","o__Mycoplasmatales","f__Mycoplasmataceae","g__Candidatus_Bacilloplasma","s__uncultured_bacterium",48394
"OTU30","k__Bacteria","p__Proteobacteria","c__Gammaproteobacteria","o__Enterobacterales","f__Enterobacteriaceae","g__Citrobacter","s__",14960
"OTU302","k__Bacteria","p__Proteobacteria","c__Alphaproteobacteria","o__Rhizobiales","f__Rhizobiaceae","g__uncultured","s__metagenome",246
"OTU304","k__Bacteria","p__Cyanobacteria","c__Cyanobacteriia","o__Cyanobacteriales","f__Phormidiaceae","g__Arthrospira_PCC-7345","s__Neolyngbya_granulosa",169
"OTU309","k__Bacteria","p__Proteobacteria","c__Gammaproteobacteria","o__Methylococcales","f__Methylococcaceae","g__Methylocaldum","s__uncultured_bacterium",142
"OTU31","k__Bacteria","p__Bacteroidota","c__Bacteroidia","o__Bacteroidales","f__Bacteroidaceae","g__Bacteroides","s__",6447
"OTU310","k__Bacteria","p__Proteobacteria","c__Alphaproteobacteria","o__Rhizobiales","f__Hyphomicrobiaceae","g__uncultured","s__metagenome",125
"OTU311","k__Bacteria","p__Proteobacteria","c__Alphaproteobacteria","o__Rhizobiales","f__Rhizobiaceae","g__Nitratireductor","s__",163
"OTU312","k__Bacteria","p__Cyanobacteria","c__Cyanobacteriia","o__Limnotrichales","f__Limnotrichaceae","g__Limnothrix","s__",420
"OTU316","k__Bacteria","p__Actinobacteriota","c__Actinobacteria","o__PeM15","f__PeM15","g__PeM15","s__uncultured_soil",181
"OTU32","k__Bacteria","p__Proteobacteria","c__Gammaproteobacteria","o__Enterobacterales","f__Enterobacteriaceae","g__Plesiomonas","s__Plesiomonas_shigelloides",823
"OTU322","k__Bacteria","p__Verrucomicrobiota","c__Verrucomicrobiae","o__Verrucomicrobiales","f__Rubritaleaceae","g__Luteolibacter","s__",272
"OTU33","k__Bacteria","p__Firmicutes","c__Clostridia","o__Lachnospirales","f__Lachnospiraceae","g__Tyzzerella","s__uncultured_bacterium",2322
"OTU330","k__Bacteria","p__Proteobacteria","c__Alphaproteobacteria","o__uncultured","f__uncultured","g__uncultured","s__",317
"OTU331","k__Bacteria","p__Cyanobacteria","c__Cyanobacteriia","o__Synechococcales","f__Cyanobiaceae","g__Cyanobium_PCC-6307","s__",87
"OTU333","k__Bacteria","p__Proteobacteria","c__Alphaproteobacteria","o__Rhizobiales","f__Rhizobiales_Incertae_Sedis","g__uncultured","s__",115
"OTU335","k__Bacteria","p__Desulfobacterota","c__Desulfobulbia","o__Desulfobulbales","f__Desulfobulbaceae","g__Desulfobulbus","s__",51
"OTU336","k__Bacteria","p__Desulfobacterota","c__Syntrophobacteria","o__Syntrophobacterales","f__Syntrophobacteraceae","g__uncultured","s__uncultured_proteobacterium",186
"OTU34","k__Bacteria","p__Firmicutes","c__Bacilli","o__Mycoplasmatales","f__Mycoplasmataceae","g__Candidatus_Bacilloplasma","s__uncultured_bacterium",3272
"OTU341","k__Bacteria","p__Actinobacteriota","c__Thermoleophilia","o__Gaiellales","f__uncultured","g__uncultured","s__uncultured_soil",179
"OTU345","k__Bacteria","p__Actinobacteriota","c__Coriobacteriia","o__OPB41","f__OPB41","g__OPB41","s__",196
"OTU35","k__Bacteria","p__Firmicutes","c__Bacilli","o__Mycoplasmatales","f__Mycoplasmataceae","g__Candidatus_Bacilloplasma","s__uncultured_bacterium",3229
"OTU352","k__Bacteria","p__Desulfobacterota","c__Desulfobaccia","o__Desulfobaccales","f__Desulfobaccaceae","g__Desulfobacca","s__Desulfobacca_acetoxidans",199
"OTU353","k__Bacteria","p__Chloroflexi","c__KD4-96","o__KD4-96","f__KD4-96","g__KD4-96","s__metagenome",249
"OTU357","k__Bacteria","p__Cyanobacteria","c__Cyanobacteriia","o__Oxyphotobacteria_Incertae_Sedis","f__Unknown_Family","g__Calothrix_KVSF5","s__Calothrix_sp.",197
"OTU360","k__Bacteria","p__Proteobacteria","c__Alphaproteobacteria","o__Rhizobiales","f__Beijerinckiaceae","g__alphaI_cluster","s__",98
"OTU365","k__Bacteria","p__Firmicutes","c__Bacilli","o__Lactobacillales","f__Leuconostocaceae","g__Weissella","s__",15
"OTU366","k__Bacteria","p__Proteobacteria","c__Alphaproteobacteria","o__uncultured","f__uncultured","g__uncultured","s__",172
"OTU369","k__Bacteria","p__Proteobacteria","c__Alphaproteobacteria","o__Rhizobiales","f__Rhizobiales_Incertae_Sedis","g__uncultured","s__",196
"OTU37","k__Bacteria","p__Firmicutes","c__Bacilli","o__Lactobacillales","f__Streptococcaceae","g__Streptococcus","s__",12733
"OTU370","k__Bacteria","p__Proteobacteria","c__Alphaproteobacteria","o__Rhodobacterales","f__Rhodobacteraceae","g__Pseudorhodobacter","s__",47
"OTU373","k__Bacteria","p__Proteobacteria","c__Alphaproteobacteria","o__Rhodobacterales","f__Rhodobacteraceae","g__Tabrizicola","s__uncultured_bacterium",190
"OTU38","k__Bacteria","p__Firmicutes","c__Clostridia","o__Peptostreptococcales-Tissierellales","f__Anaerovoracaceae","g__[Eubacterium]_brachy_group","s__uncultured_bacterium",3712
"OTU382","k__Bacteria","p__Cyanobacteria","c__Cyanobacteriia","o__Synechococcales","f__Cyanobiaceae","g__Cyanobium_PCC-6307","s__",231
"OTU39","k__Bacteria","p__Firmicutes","c__Bacilli","o__Erysipelotrichales","f__Erysipelotrichaceae","g__ZOR0006","s__uncultured_bacterium",4439
"OTU390","k__Bacteria","p__Proteobacteria","c__Alphaproteobacteria","o__Rhizobiales","f__Rhizobiales_Incertae_Sedis","g__Phreatobacter","s__uncultured_Alphaproteobacteria",239
"OTU391","k__Bacteria","p__Proteobacteria","c__Gammaproteobacteria","o__Enterobacterales","f__Hafniaceae","g__Hafnia-Obesumbacterium","s__",93
"OTU393","k__Bacteria","p__Actinobacteriota","c__Acidimicrobiia","o__Microtrichales","f__Ilumatobacteraceae","g__CL500-29_marine_group","s__metagenome",183
"OTU394","k__Bacteria","p__Proteobacteria","c__Gammaproteobacteria","o__Steroidobacterales","f__Steroidobacteraceae","g__uncultured","s__",92
"OTU397","k__Bacteria","p__Proteobacteria","c__Alphaproteobacteria","o__Rhodobacterales","f__Rhodobacteraceae","g__Rhodobacter","s__",145
"OTU398","k__Bacteria","p__Proteobacteria","c__Alphaproteobacteria","o__Rhizobiales","f__Rhizobiales_Incertae_Sedis","g__Alsobacter","s__",81
"OTU399","k__Bacteria","p__Proteobacteria","c__Gammaproteobacteria","o__Burkholderiales","f__Sutterellaceae","g__uncultured","s__",59
"OTU4","k__Bacteria","p__Firmicutes","c__Bacilli","o__Erysipelotrichales","f__Erysipelotrichaceae","g__[Anaerorhabdus]_furcosa_group","s__",85114
"OTU40","k__Bacteria","p__Firmicutes","c__Bacilli","o__Mycoplasmatales","f__Mycoplasmataceae","g__Candidatus_Bacilloplasma","s__uncultured_bacterium",2420
"OTU401","k__Bacteria","p__Actinobacteriota","c__Coriobacteriia","o__OPB41","f__OPB41","g__OPB41","s__",195
"OTU403","k__Bacteria","p__Proteobacteria","c__Alphaproteobacteria","o__Rhizobiales","f__Pleomorphomonadaceae","g__Chthonobacter","s__uncultured_bacterium",158
"OTU404","k__Bacteria","p__Proteobacteria","c__Gammaproteobacteria","o__Burkholderiales","f__Rhodocyclaceae","g__Dechloromonas","s__",89
"OTU408","k__Bacteria","p__Proteobacteria","c__Gammaproteobacteria","o__Steroidobacterales","f__Steroidobacteraceae","g__uncultured","s__",37
"OTU411","k__Bacteria","p__Proteobacteria","c__Alphaproteobacteria","o__Rhizobiales","f__Beijerinckiaceae","g__Methylocystis","s__",159
"OTU416","k__Bacteria","p__Proteobacteria","c__Alphaproteobacteria","o__Rhodobacterales","f__Rhodobacteraceae","g__","s__",190
"OTU418","k__Bacteria","p__Proteobacteria","c__Alphaproteobacteria","o__Rhodobacterales","f__Rhodobacteraceae","g__Rhodobacter","s__",78
"OTU419","k__Bacteria","p__Proteobacteria","c__Alphaproteobacteria","o__Rhodobacterales","f__Rhodobacteraceae","g__Rhodobacter","s__",89
"OTU42","k__Bacteria","p__Proteobacteria","c__Gammaproteobacteria","o__Enterobacterales","f__Enterobacteriaceae","g__Citrobacter","s__",4217
"OTU421","k__Bacteria","p__Chloroflexi","c__Anaerolineae","o__SJA-15","f__SJA-15","g__SJA-15","s__",175
"OTU427","k__Bacteria","p__Proteobacteria","c__Alphaproteobacteria","o__Sphingomonadales","f__Sphingomonadaceae","g__Sphingomonas","s__",33
"OTU428","k__Bacteria","p__Proteobacteria","c__Gammaproteobacteria","o__Steroidobacterales","f__Steroidobacteraceae","g__uncultured","s__",31
"OTU43","k__Bacteria","p__Proteobacteria","c__Gammaproteobacteria","o__Alteromonadales","f__Shewanellaceae","g__Shewanella","s__",1158
"OTU438","k__Bacteria","p__Proteobacteria","c__Gammaproteobacteria","o__HOC36","f__HOC36","g__HOC36","s__uncultured_bacterium",116
"OTU442","k__Bacteria","p__Actinobacteriota","c__Actinobacteria","o__Propionibacteriales","f__Propionibacteriaceae","g__uncultured","s__metagenome",124
"OTU445","k__Bacteria","p__Proteobacteria","c__Alphaproteobacteria","o__Rhizobiales","f__Rhizobiales_Incertae_Sedis","g__Phreatobacter","s__",124
"OTU446","k__Bacteria","p__Chloroflexi","c__Anaerolineae","o__SJA-15","f__SJA-15","g__SJA-15","s__uncultured_bacterium",140
"OTU45","k__Bacteria","p__Firmicutes","c__Clostridia","o__Lachnospirales","f__Lachnospiraceae","g__Tyzzerella","s__",1695
"OTU452","k__Bacteria","p__Cyanobacteria","c__Cyanobacteriia","o__Synechococcales","f__Cyanobiaceae","g__Cyanobium_PCC-6307","s__",179
"OTU458","k__Bacteria","p__Firmicutes","c__Desulfitobacteriia","o__Desulfitobacteriales","f__Desulfitobacteriales","g__TC1","s__endosymbiont_TC1",47
"OTU459","k__Bacteria","p__Proteobacteria","c__Alphaproteobacteria","o__Rhizobiales","f__Beijerinckiaceae","g__alphaI_cluster","s__",159
"OTU460","k__Bacteria","p__Proteobacteria","c__Alphaproteobacteria","o__Rhodobacterales","f__Rhodobacteraceae","g__Tabrizicola","s__",81
"OTU462","k__Bacteria","p__Proteobacteria","c__Alphaproteobacteria","o__Rhizobiales","f__Rhizobiaceae","g__","s__",140
"OTU469","k__Bacteria","p__Actinobacteriota","c__Acidimicrobiia","o__Microtrichales","f__Ilumatobacteraceae","g__uncultured","s__uncultured_soil",127
"OTU47","k__Bacteria","p__Proteobacteria","c__Gammaproteobacteria","o__Alteromonadales","f__Shewanellaceae","g__Shewanella","s__",954
"OTU470","k__Bacteria","p__Chloroflexi","c__Anaerolineae","o__SJA-15","f__SJA-15","g__SJA-15","s__uncultured_bacterium",218
"OTU473","k__Bacteria","p__Patescibacteria","c__Saccharimonadia","o__Saccharimonadales","f__Saccharimonadales","g__Saccharimonadales","s__",51
"OTU474","k__Bacteria","p__Proteobacteria","c__Alphaproteobacteria","o__Rhodobacterales","f__Rhodobacteraceae","g__Tropicimonas","s__uncultured_bacterium",189
"OTU475","k__Bacteria","p__Cyanobacteria","c__Cyanobacteriia","o__Cyanobacteriales","f__Paraspirulinaceae","g__uncultured","s__uncultured_bacterium",230
"OTU477","k__Bacteria","p__Proteobacteria","c__Alphaproteobacteria","o__Rhizobiales","f__Rhizobiales_Incertae_Sedis","g__uncultured","s__",48
"OTU478","k__Bacteria","p__Cyanobacteria","c__Cyanobacteriia","o__Cyanobacteriales","f__Phormidiaceae","g__","s__",110
"OTU48","k__Bacteria","p__Firmicutes","c__Bacilli","o__Lactobacillales","f__Streptococcaceae","g__Lactococcus","s__Lactococcus_garvieae",3157
"OTU481","k__Bacteria","p__Actinobacteriota","c__Actinobacteria","o__Frankiales","f__Sporichthyaceae","g__Longivirga","s__uncultured_bacterium",130
"OTU485","k__Bacteria","p__Chloroflexi","c__Anaerolineae","o__Anaerolineales","f__Anaerolineaceae","g__Leptolinea","s__uncultured_bacterium",166
"OTU488","k__Bacteria","p__Verrucomicrobiota","c__Verrucomicrobiae","o__Chthoniobacterales","f__Chthoniobacteraceae","g__LD29","s__uncultured_bacterium",107
"OTU49","k__Bacteria","p__Bacteroidota","c__Bacteroidia","o__Bacteroidales","f__Bacteroidaceae","g__Bacteroides","s__Bacteroidaceae_bacterium",816
"OTU490","k__Bacteria","p__Desulfobacterota","c__Desulfobaccia","o__Desulfobaccales","f__Desulfobaccaceae","g__Desulfobacca","s__uncultured_bacterium",101
"OTU493","k__Bacteria","p__Proteobacteria","c__Alphaproteobacteria","o__Rhizobiales","f__Hyphomicrobiaceae","g__Hyphomicrobium","s__metagenome",55
"OTU497","k__Bacteria","p__Proteobacteria","c__Alphaproteobacteria","o__Rhizobiales","f__Beijerinckiaceae","g__alphaI_cluster","s__",139
"OTU499","k__Bacteria","p__Proteobacteria","c__Gammaproteobacteria","o__Methylococcales","f__Methylococcaceae","g__Methyloparacoccus","s__uncultured_bacterium",87
"OTU5","k__Bacteria","p__Firmicutes","c__Bacilli","o__RsaHf231","f__RsaHf231","g__RsaHf231","s__uncultured_bacterium",57161
"OTU50","k__Bacteria","p__Proteobacteria","c__Gammaproteobacteria","o__Vibrionales","f__Vibrionaceae","g__Vibrio","s__",167
"OTU502","k__Bacteria","p__Fusobacteriota","c__Fusobacteriia","o__Fusobacteriales","f__Fusobacteriaceae","g__Cetobacterium","s__uncultured_bacterium",93
"OTU505","k__Bacteria","p__Actinobacteriota","c__Acidimicrobiia","o__Microtrichales","f__Ilumatobacteraceae","g__Ilumatobacter","s__",103
"OTU507","k__Bacteria","p__Proteobacteria","c__Alphaproteobacteria","o__","f__","g__","s__",94
"OTU517","k__Bacteria","p__Chloroflexi","c__Anaerolineae","o__Anaerolineales","f__Anaerolineaceae","g__uncultured","s__",120
"OTU52","k__Bacteria","p__Firmicutes","c__Clostridia","o__Clostridiales","f__Clostridiaceae","g__Clostridium_sensu_stricto_1","s__",212
"OTU522","k__Bacteria","p__Chloroflexi","c__Anaerolineae","o__Anaerolineales","f__Anaerolineaceae","g__uncultured","s__",134
"OTU523","k__Bacteria","p__Proteobacteria","c__Gammaproteobacteria","o__Methylococcales","f__Methylococcaceae","g__Candidatus_Methylospira","s__uncultured_bacterium",86
"OTU524","k__Bacteria","p__Proteobacteria","c__Alphaproteobacteria","o__Rhizobiales","f__Beijerinckiaceae","g__alphaI_cluster","s__",55
"OTU530","k__Bacteria","p__Proteobacteria","c__Alphaproteobacteria","o__Acetobacterales","f__Acetobacteraceae","g__Roseomonas","s__",69
"OTU533","k__Bacteria","p__Proteobacteria","c__Alphaproteobacteria","o__Rhodobacterales","f__Rhodobacteraceae","g__Rubellimicrobium","s__uncultured_Rubellimicrobium",130
"OTU534","k__Bacteria","p__Proteobacteria","c__Alphaproteobacteria","o__Rhodobacterales","f__Rhodobacteraceae","g__","s__",118
"OTU535","k__Bacteria","p__Proteobacteria","c__Alphaproteobacteria","o__Rhizobiales","f__Beijerinckiaceae","g__FukuN57","s__uncultured_bacterium",60
"OTU54","k__Bacteria","p__Proteobacteria","c__Gammaproteobacteria","o__Enterobacterales","f__Enterobacteriaceae","g__Klebsiella","s__",1920
"OTU541","k__Bacteria","p__Proteobacteria","c__Gammaproteobacteria","o__Steroidobacterales","f__Steroidobacteraceae","g__uncultured","s__",41
"OTU543","k__Bacteria","p__Acidobacteriota","c__Vicinamibacteria","o__Subgroup_17","f__Subgroup_17","g__Subgroup_17","s__",143
"OTU544","k__Bacteria","p__Proteobacteria","c__Alphaproteobacteria","o__Rhizobiales","f__Rhizobiales_Incertae_Sedis","g__Nordella","s__uncultured_bacterium",187
"OTU545","k__Bacteria","p__Verrucomicrobiota","c__Verrucomicrobiae","o__Verrucomicrobiales","f__DEV007","g__DEV007","s__uncultured_Verrucomicrobiales",76
"OTU546","k__Bacteria","p__Proteobacteria","c__Alphaproteobacteria","o__Rhizobiales","f__Hyphomicrobiaceae","g__Pedomicrobium","s__uncultured_bacterium",112
"OTU549","k__Bacteria","p__Patescibacteria","c__Saccharimonadia","o__Saccharimonadales","f__Saccharimonadales","g__Saccharimonadales","s__uncultured_bacterium",91
"OTU55","k__Bacteria","p__Firmicutes","c__Bacilli","o__Erysipelotrichales","f__Erysipelatoclostridiaceae","g__Erysipelatoclostridium","s__",4249
"OTU553","k__Bacteria","p__Proteobacteria","c__Alphaproteobacteria","o__Rhizobiales","f__Beijerinckiaceae","g__alphaI_cluster","s__",144
"OTU556","k__Bacteria","p__Acidobacteriota","c__Vicinamibacteria","o__Subgroup_17","f__Subgroup_17","g__Subgroup_17","s__uncultured_prokaryote",123
"OTU56","k__Bacteria","p__Fusobacteriota","c__Fusobacteriia","o__Fusobacteriales","f__Fusobacteriaceae","g__Cetobacterium","s__uncultured_bacterium",2343
"OTU565","k__Bacteria","p__Chloroflexi","c__Anaerolineae","o__SJA-15","f__SJA-15","g__SJA-15","s__",86
"OTU57","k__Bacteria","p__Bacteroidota","c__Bacteroidia","o__Bacteroidales","f__Dysgonomonadaceae","g__Dysgonomonas","s__Dysgonomonas_alginatilytica",3636
"OTU570","k__Bacteria","p__Firmicutes","c__Clostridia","o__Clostridiales","f__Clostridiaceae","g__Clostridium_sensu_stricto_11","s__",69
"OTU571","k__Bacteria","p__Actinobacteriota","c__Acidimicrobiia","o__Microtrichales","f__Ilumatobacteraceae","g__CL500-29_marine_group","s__metagenome",113
"OTU58","k__Bacteria","p__Firmicutes","c__Clostridia","o__Lachnospirales","f__Lachnospiraceae","g__Tyzzerella","s__",2375
"OTU581","k__Bacteria","p__Desulfobacterota","c__Desulfobaccia","o__Desulfobaccales","f__Desulfobaccaceae","g__Desulfobacca","s__uncultured_delta",71
"OTU585","k__Bacteria","p__Chloroflexi","c__Anaerolineae","o__Caldilineales","f__Caldilineaceae","g__uncultured","s__metagenome",76
"OTU588","k__Bacteria","p__Patescibacteria","c__Saccharimonadia","o__Saccharimonadales","f__Saccharimonadaceae","g__TM7a","s__uncultured_bacterium",41
"OTU59","k__Bacteria","p__Proteobacteria","c__Gammaproteobacteria","o__Enterobacterales","f__Enterobacteriaceae","g__Citrobacter","s__",1573
"OTU590","k__Bacteria","p__Firmicutes","c__Clostridia","o__Clostridiales","f__Clostridiaceae","g__Clostridium_sensu_stricto_13","s__uncultured_bacterium",68
"OTU592","k__Bacteria","p__Verrucomicrobiota","c__Verrucomicrobiae","o__Chthoniobacterales","f__Chthoniobacteraceae","g__Chthoniobacter","s__uncultured_Verrucomicrobia",103
"OTU594","k__Bacteria","p__Proteobacteria","c__Alphaproteobacteria","o__Rhodobacterales","f__Rhodobacteraceae","g__Rubellimicrobium","s__",111
"OTU595","k__Bacteria","p__Cyanobacteria","c__Vampirivibrionia","o__Caenarcaniphilales","f__Caenarcaniphilales","g__Caenarcaniphilales","s__microbial_mat",111
"OTU6","k__Bacteria","p__Firmicutes","c__Bacilli","o__RsaHf231","f__RsaHf231","g__RsaHf231","s__uncultured_bacterium",50409
"OTU60","k__Bacteria","p__Proteobacteria","c__Gammaproteobacteria","o__Enterobacterales","f__Enterobacteriaceae","g__Klebsiella","s__",3031
"OTU604","k__Bacteria","p__Firmicutes","c__Clostridia","o__Lachnospirales","f__Lachnospiraceae","g__Tyzzerella","s__",18
"OTU605","k__Bacteria","p__Proteobacteria","c__Alphaproteobacteria","o__Rhizobiales","f__Beijerinckiaceae","g__","s__",105
"OTU61","k__Bacteria","p__Proteobacteria","c__Gammaproteobacteria","o__Enterobacterales","f__Enterobacteriaceae","g__Kluyvera","s__Kluyvera_georgiana",1326
"OTU611","k__Bacteria","p__Proteobacteria","c__Alphaproteobacteria","o__Rhizobiales","f__Pleomorphomonadaceae","g__Chthonobacter","s__uncultured_bacterium",143
"OTU617","k__Bacteria","p__Desulfobacterota","c__Desulfobaccia","o__Desulfobaccales","f__Desulfobaccaceae","g__Desulfobacca","s__",41
"OTU621","k__Bacteria","p__Proteobacteria","c__Alphaproteobacteria","o__Rhodobacterales","f__Rhodobacteraceae","g__Tabrizicola","s__uncultured_bacterium",45
"OTU629","k__Bacteria","p__Chloroflexi","c__KD4-96","o__KD4-96","f__KD4-96","g__KD4-96","s__",109
"OTU63","k__Bacteria","p__Firmicutes","c__Clostridia","o__Lachnospirales","f__Lachnospiraceae","g__Tyzzerella","s__",347
"OTU634","k__Bacteria","p__Actinobacteriota","c__Acidimicrobiia","o__Microtrichales","f__Ilumatobacteraceae","g__CL500-29_marine_group","s__uncultured_Acidimicrobiaceae",142
"OTU640","k__Bacteria","p__Acidobacteriota","c__Vicinamibacteria","o__Vicinamibacterales","f__Vicinamibacteraceae","g__Luteitalea","s__uncultured_bacterium",87
"OTU642","k__Bacteria","p__Proteobacteria","c__Gammaproteobacteria","o__Steroidobacterales","f__Steroidobacteraceae","g__uncultured","s__",42
"OTU643","k__Bacteria","p__Proteobacteria","c__Gammaproteobacteria","o__Burkholderiales","f__SC-I-84","g__SC-I-84","s__uncultured_prokaryote",126
"OTU65","k__Bacteria","p__Proteobacteria","c__Gammaproteobacteria","o__Burkholderiales","f__Comamonadaceae","g__Brachymonas","s__Brachymonas_sp.",1314
"OTU653","k__Bacteria","p__Verrucomicrobiota","c__Verrucomicrobiae","o__Verrucomicrobiales","f__Rubritaleaceae","g__Luteolibacter","s__",117
"OTU661","k__Bacteria","p__Chloroflexi","c__KD4-96","o__KD4-96","f__KD4-96","g__KD4-96","s__uncultured_Chloroflexi",57
"OTU663","k__Bacteria","p__Verrucomicrobiota","c__Verrucomicrobiae","o__Verrucomicrobiales","f__Rubritaleaceae","g__Luteolibacter","s__",73
"OTU664","k__Bacteria","p__Proteobacteria","c__Alphaproteobacteria","o__Rhizobiales","f__Rhizobiales_Incertae_Sedis","g__uncultured","s__",86
"OTU672","k__Bacteria","p__Cyanobacteria","c__Cyanobacteriia","o__Limnotrichales","f__Limnotrichaceae","g__Limnothrix","s__",110
"OTU679","k__Bacteria","p__Chloroflexi","c__Anaerolineae","o__SJA-15","f__SJA-15","g__SJA-15","s__uncultured_bacterium",105
"OTU680","k__Bacteria","p__Chloroflexi","c__Anaerolineae","o__SJA-15","f__SJA-15","g__SJA-15","s__",97
"OTU681","k__Bacteria","p__Proteobacteria","c__Gammaproteobacteria","o__Diplorickettsiales","f__Diplorickettsiaceae","g__uncultured","s__",60
"OTU69","k__Bacteria","p__Firmicutes","c__Clostridia","o__Clostridiales","f__Clostridiaceae","g__","s__",1823
"OTU692","k__Bacteria","p__Chloroflexi","c__Anaerolineae","o__SJA-15","f__SJA-15","g__SJA-15","s__",81
"OTU694","k__Bacteria","p__Proteobacteria","c__Alphaproteobacteria","o__Rhizobiales","f__Rhizobiales_Incertae_Sedis","g__Phreatobacter","s__uncultured_bacterium",82
"OTU695","k__Bacteria","p__Chloroflexi","c__Anaerolineae","o__SJA-15","f__SJA-15","g__SJA-15","s__",92
"OTU699","k__Bacteria","p__Proteobacteria","c__Alphaproteobacteria","o__","f__","g__","s__",50
"OTU7","k__Bacteria","p__Firmicutes","c__Bacilli","o__Mycoplasmatales","f__Mycoplasmataceae","g__Candidatus_Bacilloplasma","s__uncultured_bacterium",23979
"OTU707","k__Bacteria","p__Proteobacteria","c__Alphaproteobacteria","o__Rhizobiales","f__Rhizobiales_Incertae_Sedis","g__uncultured","s__uncultured_bacterium",137
"OTU71","k__Bacteria","p__Firmicutes","c__Bacilli","o__Lactobacillales","f__Leuconostocaceae","g__Weissella","s__Weissella_paramesenteroides",1512
"OTU72","k__Bacteria","p__Proteobacteria","c__Gammaproteobacteria","o__Enterobacterales","f__Enterobacteriaceae","g__Klebsiella","s__",1951
"OTU720","k__Bacteria","p__Proteobacteria","c__Alphaproteobacteria","o__Acetobacterales","f__Acetobacteraceae","g__Roseomonas","s__",51
"OTU723","k__Bacteria","p__Firmicutes","c__Bacilli","o__Exiguobacterales","f__Exiguobacteraceae","g__Exiguobacterium","s__uncultured_bacterium",59
"OTU726","k__Bacteria","p__Actinobacteriota","c__Actinobacteria","o__","f__","g__","s__",46
"OTU728","k__Bacteria","p__Proteobacteria","c__Gammaproteobacteria","o__Gammaproteobacteria_Incertae_Sedis","f__Unknown_Family","g__Unknown_Family","s__uncultured_bacterium",47
"OTU748","k__Bacteria","p__Proteobacteria","c__Gammaproteobacteria","o__HOC36","f__HOC36","g__HOC36","s__uncultured_bacterium",33
"OTU75","k__Bacteria","p__Firmicutes","c__Clostridia","o__Lachnospirales","f__Lachnospiraceae","g__Tyzzerella","s__",672
"OTU754","k__Bacteria","p__Proteobacteria","c__Alphaproteobacteria","o__Paracaedibacterales","f__Paracaedibacteraceae","g__Candidatus_Paracaedibacter","s__uncultured_bacterium",52
"OTU76","k__Bacteria","p__Proteobacteria","c__Gammaproteobacteria","o__Enterobacterales","f__Enterobacteriaceae","g__Escherichia-Shigella","s__",1258
"OTU768","k__Bacteria","p__Firmicutes","c__Clostridia","o__Clostridiales","f__Clostridiaceae","g__Clostridium_sensu_stricto_1","s__",60
"OTU77","k__Bacteria","p__Proteobacteria","c__Gammaproteobacteria","o__SZB30","f__SZB30","g__SZB30","s__uncultured_bacterium",1880
"OTU78","k__Bacteria","p__Cyanobacteria","c__Cyanobacteriia","o__Synechococcales","f__Cyanobiaceae","g__Cyanobium_PCC-6307","s__",1561
"OTU788","k__Bacteria","p__Proteobacteria","c__Gammaproteobacteria","o__Methylococcales","f__Methylococcaceae","g__Methyloparacoccus","s__uncultured_bacterium",36
"OTU789","k__Bacteria","p__Cyanobacteria","c__Cyanobacteriia","o__Synechococcales","f__Cyanobiaceae","g__Cyanobium_PCC-6307","s__",45
"OTU791","k__Bacteria","p__Patescibacteria","c__Saccharimonadia","o__Saccharimonadales","f__Saccharimonadales","g__Saccharimonadales","s__",90
"OTU8","k__Bacteria","p__Firmicutes","c__Bacilli","o__Mycoplasmatales","f__Mycoplasmataceae","g__Candidatus_Bacilloplasma","s__uncultured_bacterium",40630
"OTU80","k__Bacteria","p__Cyanobacteria","c__Cyanobacteriia","o__Limnotrichales","f__Limnotrichaceae","g__Limnothrix","s__Limnothrix_sp.",5938
"OTU801","k__Bacteria","p__Proteobacteria","c__Alphaproteobacteria","o__Rhizobiales","f__Rhizobiales_Incertae_Sedis","g__uncultured","s__",70
"OTU804","k__Bacteria","p__Proteobacteria","c__Alphaproteobacteria","o__Reyranellales","f__Reyranellaceae","g__uncultured","s__uncultured_bacterium",27
"OTU805","k__Bacteria","p__Proteobacteria","c__Alphaproteobacteria","o__Rhizobiales","f__Rhizobiales_Incertae_Sedis","g__Phreatobacter","s__",89
"OTU807","k__Bacteria","p__Proteobacteria","c__Alphaproteobacteria","o__Rhizobiales","f__Beijerinckiaceae","g__alphaI_cluster","s__",30
"OTU81","k__Bacteria","p__Proteobacteria","c__Alphaproteobacteria","o__Rhizobiales","f__Rhizobiales_Incertae_Sedis","g__uncultured","s__metagenome",1778
"OTU818","k__Bacteria","p__Proteobacteria","c__Gammaproteobacteria","o__Cellvibrionales","f__Halieaceae","g__OM60(NOR5)_clade","s__uncultured_bacterium",28
"OTU82","k__Bacteria","p__Proteobacteria","c__Gammaproteobacteria","o__Burkholderiales","f__Burkholderiaceae","g__Ralstonia","s__",329
"OTU823","k__Bacteria","p__Chloroflexi","c__Anaerolineae","o__SJA-15","f__SJA-15","g__SJA-15","s__uncultured_soil",53
"OTU83","k__Bacteria","p__Firmicutes","c__Clostridia","o__Lachnospirales","f__Lachnospiraceae","g__Tyzzerella","s__",4175
"OTU831","k__Bacteria","p__Verrucomicrobiota","c__Verrucomicrobiae","o__Chthoniobacterales","f__Terrimicrobiaceae","g__Terrimicrobium","s__uncultured_bacterium",46
"OTU84","k__Bacteria","p__Firmicutes","c__Clostridia","o__Peptostreptococcales-Tissierellales","f__Anaerovoracaceae","g__","s__",529
"OTU842","k__Bacteria","p__Actinobacteriota","c__Acidimicrobiia","o__Microtrichales","f__Ilumatobacteraceae","g__CL500-29_marine_group","s__",90
"OTU847","k__Bacteria","p__Proteobacteria","c__Alphaproteobacteria","o__Rhizobiales","f__Rhizobiales_Incertae_Sedis","g__Phreatobacter","s__uncultured_bacterium",35
"OTU850","k__Bacteria","p__Chloroflexi","c__Anaerolineae","o__Caldilineales","f__Caldilineaceae","g__uncultured","s__uncultured_bacterium",59
"OTU86","k__Bacteria","p__Cyanobacteria","c__Cyanobacteriia","o__Cyanobacteriales","f__Phormidiaceae","g__Planktothrix_NIVA-CYA_15","s__bacterium_enrichment",539
"OTU860","k__Bacteria","p__Proteobacteria","c__Gammaproteobacteria","o__Methylococcales","f__Methylococcaceae","g__Methylocaldum","s__uncultured_bacterium",30
"OTU867","k__Bacteria","p__Chloroflexi","c__Anaerolineae","o__SJA-15","f__SJA-15","g__SJA-15","s__uncultured_bacterium",59
"OTU868","k__Bacteria","p__Firmicutes","c__Clostridia","o__Lachnospirales","f__Lachnospiraceae","g__Anaerobium","s__Anaerobium_acetethylicum",44
"OTU87","k__Bacteria","p__Proteobacteria","c__Gammaproteobacteria","o__Enterobacterales","f__Hafniaceae","g__Hafnia-Obesumbacterium","s__",877
"OTU871","k__Bacteria","p__Verrucomicrobiota","c__Verrucomicrobiae","o__Verrucomicrobiales","f__Rubritaleaceae","g__Luteolibacter","s__",36
"OTU88","k__Bacteria","p__Proteobacteria","c__Gammaproteobacteria","o__Enterobacterales","f__Enterobacteriaceae","g__","s__",425
"OTU880","k__Bacteria","p__Chloroflexi","c__Anaerolineae","o__Caldilineales","f__Caldilineaceae","g__uncultured","s__metagenome",53
"OTU883","k__Bacteria","p__Proteobacteria","c__Alphaproteobacteria","o__Rhizobiales","f__Beijerinckiaceae","g__","s__",38
"OTU884","k__Bacteria","p__Proteobacteria","c__Alphaproteobacteria","o__Holosporales","f__Holosporaceae","g__uncultured","s__uncultured_bacterium",50
"OTU889","k__Bacteria","p__Chloroflexi","c__Anaerolineae","o__Anaerolineales","f__Anaerolineaceae","g__uncultured","s__",52
"OTU89","k__Bacteria","p__Proteobacteria","c__Gammaproteobacteria","o__Enterobacterales","f__Enterobacteriaceae","g__Citrobacter","s__",1372
"OTU890","k__Bacteria","p__Proteobacteria","c__Gammaproteobacteria","o__HOC36","f__HOC36","g__HOC36","s__uncultured_bacterium",44
"OTU893","k__Bacteria","p__Chloroflexi","c__Anaerolineae","o__Anaerolineales","f__Anaerolineaceae","g__uncultured","s__uncultured_Anaerolineaceae",47
"OTU895","k__Bacteria","p__Bdellovibrionota","c__Bdellovibrionia","o__Bdellovibrionales","f__Bdellovibrionaceae","g__Bdellovibrio","s__uncultured_bacterium",33
"OTU896","k__Bacteria","p__Proteobacteria","c__Alphaproteobacteria","o__Rhizobiales","f__Rhizobiales_Incertae_Sedis","g__Phreatobacter","s__uncultured_bacterium",58
"OTU9","k__Bacteria","p__Firmicutes","c__Bacilli","o__Erysipelotrichales","f__Erysipelotrichaceae","g__ZOR0006","s__uncultured_bacterium",18641
"OTU903","k__Bacteria","p__Cyanobacteria","c__Cyanobacteriia","o__Cyanobacteriales","f__Phormidiaceae","g__uncultured","s__uncultured_bacterium",31
"OTU908","k__Bacteria","p__Desulfobacterota","c__Syntrophobacteria","o__Syntrophobacterales","f__Syntrophobacteraceae","g__Syntrophobacter","s__uncultured_soil",13
"OTU910","k__Bacteria","p__Chloroflexi","c__KD4-96","o__KD4-96","f__KD4-96","g__KD4-96","s__",68
"OTU917","k__Bacteria","p__Proteobacteria","c__Gammaproteobacteria","o__Diplorickettsiales","f__Diplorickettsiaceae","g__Aquicella","s__uncultured_bacterium",43
"OTU92","k__Bacteria","p__Cyanobacteria","c__Cyanobacteriia","o__Cyanobacteriales","f__Phormidiaceae","g__","s__",1711
"OTU93","k__Bacteria","p__Proteobacteria","c__Alphaproteobacteria","o__Rhodobacterales","f__Rhodobacteraceae","g__Rhodobacter","s__",548
"OTU930","k__Bacteria","p__Acidobacteriota","c__Vicinamibacteria","o__Subgroup_17","f__Subgroup_17","g__Subgroup_17","s__",50
"OTU945","k__Bacteria","p__Chloroflexi","c__Anaerolineae","o__1-20","f__1-20","g__1-20","s__uncultured_bacterium",41
"OTU947","k__Bacteria","p__Proteobacteria","c__Gammaproteobacteria","o__Competibacterales","f__Competibacteraceae","g__Candidatus_Competibacter","s__uncultured_gamma",38
"OTU95","k__Bacteria","p__Firmicutes","c__Bacilli","o__Mycoplasmatales","f__Mycoplasmataceae","g__Candidatus_Bacilloplasma","s__uncultured_bacterium",770
"OTU953","k__Bacteria","p__Proteobacteria","c__Gammaproteobacteria","o__EV818SWSAP88","f__EV818SWSAP88","g__EV818SWSAP88","s__uncultured_bacterium",50
"OTU954","k__Bacteria","p__Proteobacteria","c__Gammaproteobacteria","o__Burkholderiales","f__SC-I-84","g__SC-I-84","s__uncultured_prokaryote",48
"OTU96","k__Bacteria","p__Proteobacteria","c__Alphaproteobacteria","o__Rhizobiales","f__Beijerinckiaceae","g__Methylocystis","s__",1100
"OTU962","k__Bacteria","p__Desulfobacterota","c__Syntrophorhabdia","o__Syntrophorhabdales","f__Syntrophorhabdaceae","g__Syntrophorhabdus","s__uncultured_Syntrophorhabdaceae",17
"OTU968","k__Bacteria","p__Proteobacteria","c__Alphaproteobacteria","o__Rhizobiales","f__Hyphomicrobiaceae","g__Hyphomicrobium","s__",47
"OTU974","k__Bacteria","p__Firmicutes","c__Bacilli","o__Erysipelotrichales","f__Erysipelotrichaceae","g__ZOR0006","s__uncultured_bacterium",57
