"","sample","variable","value","process","group"
"1","CT2","CT1","-3.25930973303368","Deter_HoS","CT"
"2","CT3","CT1","-2.14532165160931","Deter_HoS","CT"
"3","CT4","CT1","-1.56618818425241","Stochastic","CT"
"4","CT5","CT1","-1.82489890455101","Stochastic","CT"
"5","CT6","CT1","-1.66166146866138","Stochastic","CT"
"6","CT3","CT2","-2.71751327150535","Deter_HoS","CT"
"7","CT4","CT2","-1.76392924961003","Stochastic","CT"
"8","CT5","CT2","-2.8022630282525","Deter_HoS","CT"
"9","CT6","CT2","-2.41715174516036","Deter_HoS","CT"
"10","CT4","CT3","-2.38154798112978","Deter_HoS","CT"
"11","CT5","CT3","-3.02596888235298","Deter_HoS","CT"
"12","CT6","CT3","-2.89444624147531","Deter_HoS","CT"
"13","CT5","CT4","-3.15426376765254","Deter_HoS","CT"
"14","CT6","CT4","-3.73529286906854","Deter_HoS","CT"
"15","CT6","CT5","-3.89570671759551","Deter_HoS","CT"
"16","SS2","SS1","-0.0231866800276191","Stochastic","SS"
"17","SS3","SS1","-1.01498120853036","Stochastic","SS"
"18","SS4","SS1","0.420455718062674","Stochastic","SS"
"19","SS5","SS1","-1.32112164275619","Stochastic","SS"
"20","SS6","SS1","-1.91949495329878","Stochastic","SS"
"21","SS3","SS2","-1.78347918369293","Stochastic","SS"
"22","SS4","SS2","-2.84643002432225","Deter_HoS","SS"
"23","SS5","SS2","-3.46779354892844","Deter_HoS","SS"
"24","SS6","SS2","-3.92296600049069","Deter_HoS","SS"
"25","SS4","SS3","-1.36362367556244","Stochastic","SS"
"26","SS5","SS3","-3.07327431577809","Deter_HoS","SS"
"27","SS6","SS3","-1.53701924005459","Stochastic","SS"
"28","SS5","SS4","-3.55598171996817","Deter_HoS","SS"
"29","SS6","SS4","-1.46617274855636","Stochastic","SS"
"30","SS6","SS5","-2.41812429137021","Deter_HoS","SS"
"31","*βNTI>2 indicates 超过预期的系统发育周转，解释为确定性过程的异质选择(variable selection of deterministic process)","*βNTI<-2 indicates 低于预期的系统发育周转，解释为确定性过程的同质选择(homogenuous selection of deterministic process)","*-2<=βNTI<=2 indicates 观察到的系统发育组成差异是随机过程的结果",NA,NA
