"geneid","Kingdom","Phylum","Class","Order","Family","Genus","Species","fc"
"OTU10","k__Bacteria","p__Firmicutes","c__Bacilli","o__Erysipelotrichales","f__Erysipelotrichaceae","g__[Anaerorhabdus]_furcosa_group","s__",2894
"OTU100","k__Bacteria","p__Bacteroidota","c__Bacteroidia","o__Bacteroidales","f__Bacteroidaceae","g__Bacteroides","s__Bacteroides_vulgatus",43
"OTU1000","k__Bacteria","p__Desulfobacterota","c__Syntrophorhabdia","o__Syntrophorhabdales","f__Syntrophorhabdaceae","g__Syntrophorhabdus","s__uncultured_Syntrophorhabdaceae",3
"OTU102","k__Bacteria","p__Firmicutes","c__Bacilli","o__Mycoplasmatales","f__Mycoplasmataceae","g__Candidatus_Bacilloplasma","s__uncultured_bacterium",104
"OTU1036","k__Bacteria","p__Proteobacteria","c__Alphaproteobacteria","o__Rhizobiales","f__Rhizobiaceae","g__Allorhizobium-Neorhizobium-Pararhizobium-Rhizobium","s__",11
"OTU104","k__Bacteria","p__Patescibacteria","c__Saccharimonadia","o__Saccharimonadales","f__Saccharimonadales","g__Saccharimonadales","s__",218
"OTU105","k__Bacteria","p__Firmicutes","c__Negativicutes","o__Acidaminococcales","f__Acidaminococcaceae","g__Acidaminococcus","s__uncultured_bacterium",70
"OTU1057","k__Bacteria","p__Firmicutes","c__Clostridia","o__Eubacteriales","f__Eubacteriaceae","g__Acetobacterium","s__",12
"OTU1058","k__Bacteria","p__Proteobacteria","c__Alphaproteobacteria","o__Rhodobacterales","f__Rhodobacteraceae","g__Rhodobacter","s__",12
"OTU106","k__Bacteria","p__Proteobacteria","c__Alphaproteobacteria","o__Rhizobiales","f__Rhizobiales_Incertae_Sedis","g__uncultured","s__",91
"OTU1071","k__Bacteria","p__Patescibacteria","c__Saccharimonadia","o__Saccharimonadales","f__Saccharimonadales","g__Saccharimonadales","s__uncultured_candidate",12
"OTU108","k__Bacteria","p__Cyanobacteria","c__Cyanobacteriia","o__Oxyphotobacteria_Incertae_Sedis","f__Unknown_Family","g__Leptolyngbya_ANT.L52.2","s__Leptolyngbya_sp.",556
"OTU109","k__Bacteria","p__Proteobacteria","c__Alphaproteobacteria","o__Rhizobiales","f__Beijerinckiaceae","g__Methylocystis","s__",266
"OTU1097","k__Bacteria","p__Proteobacteria","c__Alphaproteobacteria","o__Rhizobiales","f__Beijerinckiaceae","g__Methylocystis","s__",40
"OTU11","k__Bacteria","p__Proteobacteria","c__Gammaproteobacteria","o__Enterobacterales","f__Enterobacteriaceae","g__Plesiomonas","s__Plesiomonas_shigelloides",494
"OTU110","k__Bacteria","p__Proteobacteria","c__Gammaproteobacteria","o__Burkholderiales","f__Rhodocyclaceae","g__Niveibacterium","s__uncultured_bacterium",154
"OTU112","k__Bacteria","p__Firmicutes","c__Clostridia","o__Lachnospirales","f__Lachnospiraceae","g__","s__",22
"OTU113","k__Bacteria","p__Proteobacteria","c__Alphaproteobacteria","o__Rhizobiales","f__Rhizobiales_Incertae_Sedis","g__uncultured","s__",50
"OTU1169","k__Bacteria","p__Proteobacteria","c__Gammaproteobacteria","o__Burkholderiales","f__Neisseriaceae","g__Vitreoscilla","s__",2
"OTU118","k__Bacteria","p__Firmicutes","c__Clostridia","o__Clostridiales","f__Clostridiaceae","g__Clostridium_sensu_stricto_1","s__",29
"OTU120","k__Bacteria","p__Proteobacteria","c__Gammaproteobacteria","o__Aeromonadales","f__Aeromonadaceae","g__Aeromonas","s__",120
"OTU121","k__Bacteria","p__Cyanobacteria","c__Cyanobacteriia","o__Synechococcales","f__Cyanobiaceae","g__Cyanobium_PCC-6307","s__",175
"OTU1225","k__Bacteria","p__Chloroflexi","c__Chloroflexia","o__Thermomicrobiales","f__JG30-KF-CM45","g__JG30-KF-CM45","s__",14
"OTU1226","k__Bacteria","p__Actinobacteriota","c__Coriobacteriia","o__OPB41","f__OPB41","g__OPB41","s__",12
"OTU123","k__Bacteria","p__Firmicutes","c__Bacilli","o__Erysipelotrichales","f__Erysipelotrichaceae","g__Turicibacter","s__",51
"OTU124","k__Bacteria","p__Firmicutes","c__Clostridia","o__Oscillospirales","f__Ruminococcaceae","g__Faecalibacterium","s__",19
"OTU1263","k__Bacteria","p__Firmicutes","c__Bacilli","o__Lactobacillales","f__Carnobacteriaceae","g__Trichococcus","s__",15
"OTU12694","k__Bacteria","p__Firmicutes","c__Clostridia","o__Clostridiales","f__Clostridiaceae","g__Clostridium_sensu_stricto_1","s__",8
"OTU12698","k__Bacteria","p__Firmicutes","c__Clostridia","o__Lachnospirales","f__Lachnospiraceae","g__","s__",4
"OTU127","k__Bacteria","p__Firmicutes","c__Clostridia","o__Clostridiales","f__Clostridiaceae","g__Clostridium_sensu_stricto_1","s__uncultured_Clostridia",384
"OTU12708","k__Bacteria","p__Actinobacteriota","c__Acidimicrobiia","o__Microtrichales","f__Ilumatobacteraceae","g__CL500-29_marine_group","s__",3
"OTU12722","k__Bacteria","p__Bacteroidota","c__Bacteroidia","o__Bacteroidales","f__Dysgonomonadaceae","g__Dysgonomonas","s__Dysgonomonas_alginatilytica",5
"OTU12727","k__Bacteria","p__Firmicutes","c__Clostridia","o__Clostridiales","f__Clostridiaceae","g__Clostridium_sensu_stricto_1","s__",6
"OTU1293","k__Bacteria","p__Firmicutes","c__Bacilli","o__Lactobacillales","f__Streptococcaceae","g__Lactococcus","s__",8
"OTU1299","k__Bacteria","p__Bacteroidota","c__Bacteroidia","o__Bacteroidales","f__Prevotellaceae","g__Alloprevotella","s__uncultured_Bacteroidales",9
"OTU133","k__Bacteria","p__Cyanobacteria","c__Cyanobacteriia","o__Cyanobacteriales","f__Phormidiaceae","g__Planktothrix_NIVA-CYA_15","s__bacterium_enrichment",218
"OTU137","k__Bacteria","p__Proteobacteria","c__Alphaproteobacteria","o__Rhizobiales","f__Beijerinckiaceae","g__alphaI_cluster","s__",48
"OTU1389","k__Bacteria","p__Firmicutes","c__Bacilli","o__Lactobacillales","f__Leuconostocaceae","g__Weissella","s__",8
"OTU14","k__Bacteria","p__Firmicutes","c__Clostridia","o__Peptostreptococcales-Tissierellales","f__Peptostreptococcaceae","g__Romboutsia","s__",1086
"OTU143","k__Bacteria","p__Patescibacteria","c__Saccharimonadia","o__Saccharimonadales","f__LWQ8","g__LWQ8","s__uncultured_bacterium",103
"OTU145","k__Bacteria","p__Proteobacteria","c__Alphaproteobacteria","o__Rhodobacterales","f__Rhodobacteraceae","g__","s__",42
"OTU148","k__Bacteria","p__Proteobacteria","c__Alphaproteobacteria","o__Rhodobacterales","f__Rhodobacteraceae","g__Defluviimonas","s__uncultured_bacterium",115
"OTU1482","k__Bacteria","p__Firmicutes","c__Negativicutes","o__Acidaminococcales","f__Acidaminococcaceae","g__Acidaminococcus","s__uncultured_bacterium",14
"OTU149","k__Bacteria","p__Proteobacteria","c__Alphaproteobacteria","o__Rhodobacterales","f__Rhodobacteraceae","g__Rhodobacter","s__",135
"OTU15","k__Bacteria","p__Firmicutes","c__Clostridia","o__Lachnospirales","f__Lachnospiraceae","g__Tyzzerella","s__uncultured_bacterium",3024
"OTU151","k__Bacteria","p__Proteobacteria","c__Gammaproteobacteria","o__Burkholderiales","f__Rhodocyclaceae","g__Propionivibrio","s__uncultured_bacterium",100
"OTU152","k__Bacteria","p__Proteobacteria","c__Gammaproteobacteria","o__Methylococcales","f__Methylomonadaceae","g__Crenothrix","s__uncultured_bacterium",92
"OTU153","k__Bacteria","p__Proteobacteria","c__Alphaproteobacteria","o__Rhizobiales","f__Hyphomicrobiaceae","g__Hyphomicrobium","s__",126
"OTU157","k__Bacteria","p__Firmicutes","c__Bacilli","o__Lactobacillales","f__Leuconostocaceae","g__Leuconostoc","s__Leuconostoc_lactis",121
"OTU1591","k__Bacteria","p__Proteobacteria","c__Gammaproteobacteria","o__Methylococcales","f__Methylococcaceae","g__","s__",4
"OTU16","k__Bacteria","p__Bacteroidota","c__Bacteroidia","o__Bacteroidales","f__Bacteroidaceae","g__Bacteroides","s__",19517
"OTU160","k__Bacteria","p__Verrucomicrobiota","c__Verrucomicrobiae","o__Verrucomicrobiales","f__Rubritaleaceae","g__Luteolibacter","s__",117
"OTU1636","k__Bacteria","p__Verrucomicrobiota","c__Verrucomicrobiae","o__Verrucomicrobiales","f__Rubritaleaceae","g__Luteolibacter","s__",9
"OTU164","k__Bacteria","p__Proteobacteria","c__Gammaproteobacteria","o__Vibrionales","f__Vibrionaceae","g__Vibrio","s__",8
"OTU166","k__Bacteria","p__Firmicutes","c__Bacilli","o__Erysipelotrichales","f__Erysipelotrichaceae","g__Dielma","s__uncultured_bacterium",26
"OTU1663","k__Bacteria","p__Patescibacteria","c__Saccharimonadia","o__Saccharimonadales","f__Saccharimonadales","g__Saccharimonadales","s__",14
"OTU1668","k__Bacteria","p__Firmicutes","c__Bacilli","o__Lactobacillales","f__Lactobacillaceae","g__Lactobacillus","s__",10
"OTU1698","k__Bacteria","p__Bacteroidota","c__Bacteroidia","o__Bacteroidales","f__Bacteroidaceae","g__Bacteroides","s__Bacteroides_vulgatus",8
"OTU1699","k__Bacteria","p__Proteobacteria","c__Alphaproteobacteria","o__Rhizobiales","f__Beijerinckiaceae","g__Chelatococcus","s__",7
"OTU17","k__Bacteria","p__Firmicutes","c__Clostridia","o__Peptostreptococcales-Tissierellales","f__Peptostreptococcaceae","g__Romboutsia","s__",2729
"OTU170","k__Bacteria","p__Firmicutes","c__Clostridia","o__Clostridiales","f__Clostridiaceae","g__Clostridium_sensu_stricto_6","s__uncultured_bacterium",471
"OTU175","k__Bacteria","p__Firmicutes","c__Clostridia","o__Clostridiales","f__Clostridiaceae","g__Clostridium_sensu_stricto_1","s__",70
"OTU1756","k__Bacteria","p__Actinobacteriota","c__Actinobacteria","o__Micrococcales","f__Micrococcaceae","g__","s__",23
"OTU179","k__Bacteria","p__Proteobacteria","c__Alphaproteobacteria","o__Rhizobiales","f__Rhizobiales_Incertae_Sedis","g__uncultured","s__uncultured_bacterium",44
"OTU18","k__Bacteria","p__Fusobacteriota","c__Fusobacteriia","o__Fusobacteriales","f__Fusobacteriaceae","g__Cetobacterium","s__uncultured_bacterium",76
"OTU182","k__Bacteria","p__Firmicutes","c__Bacilli","o__Mycoplasmatales","f__Mycoplasmataceae","g__uncultured","s__uncultured_bacterium",49
"OTU1866","k__Bacteria","p__Proteobacteria","c__Gammaproteobacteria","o__Burkholderiales","f__Alcaligenaceae","g__Bordetella","s__",9
"OTU19","k__Bacteria","p__Proteobacteria","c__Gammaproteobacteria","o__Pseudomonadales","f__Pseudomonadaceae","g__Pseudomonas","s__",33
"OTU191","k__Bacteria","p__Firmicutes","c__Bacilli","o__Lactobacillales","f__Enterococcaceae","g__Enterococcus","s__",72
"OTU1957","k__Bacteria","p__Firmicutes","c__Bacilli","o__RF39","f__RF39","g__RF39","s__uncultured_bacterium",2
"OTU196","k__Bacteria","p__Firmicutes","c__Clostridia","o__Lachnospirales","f__Lachnospiraceae","g__Fusicatenibacter","s__uncultured_organism",13
"OTU20","k__Bacteria","p__Bacteroidota","c__Bacteroidia","o__Bacteroidales","f__Dysgonomonadaceae","g__Dysgonomonas","s__Dysgonomonas_alginatilytica",11684
"OTU200","k__Bacteria","p__Bacteroidota","c__Bacteroidia","o__Flavobacteriales","f__Weeksellaceae","g__","s__",33
"OTU203","k__Bacteria","p__Proteobacteria","c__Alphaproteobacteria","o__Rhizobiales","f__Rhizobiales_Incertae_Sedis","g__Nordella","s__uncultured_bacterium",15
"OTU204","k__Bacteria","p__Proteobacteria","c__Gammaproteobacteria","o__Methylococcales","f__Methylococcaceae","g__Methyloparacoccus","s__uncultured_bacterium",63
"OTU208","k__Bacteria","p__Proteobacteria","c__Gammaproteobacteria","o__Steroidobacterales","f__Steroidobacteraceae","g__uncultured","s__",79
"OTU21","k__Bacteria","p__Firmicutes","c__Bacilli","o__Mycoplasmatales","f__Mycoplasmataceae","g__Candidatus_Bacilloplasma","s__uncultured_bacterium",7202
"OTU210","k__Bacteria","p__Proteobacteria","c__Alphaproteobacteria","o__Rhodobacterales","f__Rhodobacteraceae","g__Tropicimonas","s__uncultured_bacterium",19
"OTU22","k__Bacteria","p__Proteobacteria","c__Gammaproteobacteria","o__Enterobacterales","f__Enterobacteriaceae","g__Citrobacter","s__",14220
"OTU222","k__Bacteria","p__Proteobacteria","c__Alphaproteobacteria","o__Rhizobiales","f__Rhizobiales_Incertae_Sedis","g__Phreatobacter","s__uncultured_bacterium",7
"OTU223","k__Bacteria","p__Cyanobacteria","c__Vampirivibrionia","o__Caenarcaniphilales","f__Caenarcaniphilales","g__Caenarcaniphilales","s__uncultured_Firmicutes",54
"OTU228","k__Bacteria","p__Proteobacteria","c__Gammaproteobacteria","o__Steroidobacterales","f__Steroidobacteraceae","g__uncultured","s__",33
"OTU229","k__Bacteria","p__Firmicutes","c__Clostridia","o__Peptostreptococcales-Tissierellales","f__Peptostreptococcaceae","g__Paeniclostridium","s__uncultured_bacterium",123
"OTU23","k__Bacteria","p__Firmicutes","c__Clostridia","o__Lachnospirales","f__Lachnospiraceae","g__Tyzzerella","s__",13041
"OTU234","k__Bacteria","p__Proteobacteria","c__Gammaproteobacteria","o__Competibacterales","f__Competibacteraceae","g__Candidatus_Competibacter","s__uncultured_bacterium",18
"OTU235","k__Bacteria","p__Fusobacteriota","c__Fusobacteriia","o__Fusobacteriales","f__Fusobacteriaceae","g__Cetobacterium","s__uncultured_bacterium",16
"OTU24","k__Bacteria","p__Firmicutes","c__Bacilli","o__Lactobacillales","f__Streptococcaceae","g__Lactococcus","s__Lactococcus_lactis",2080
"OTU243","k__Bacteria","p__Proteobacteria","c__Alphaproteobacteria","o__Rhizobiales","f__Rhizobiales_Incertae_Sedis","g__uncultured","s__uncultured_bacterium",13
"OTU2446","k__Bacteria","p__Actinobacteriota","c__Acidimicrobiia","o__Microtrichales","f__uncultured","g__uncultured","s__",21
"OTU246","k__Bacteria","p__Proteobacteria","c__Alphaproteobacteria","o__Acetobacterales","f__Acetobacteraceae","g__Roseomonas","s__",23
"OTU247","k__Bacteria","p__Fusobacteriota","c__Fusobacteriia","o__Fusobacteriales","f__Fusobacteriaceae","g__Cetobacterium","s__uncultured_bacterium",37
"OTU25","k__Bacteria","p__Proteobacteria","c__Gammaproteobacteria","o__Enterobacterales","f__Enterobacteriaceae","g__","s__",14554
"OTU250","k__Bacteria","p__Proteobacteria","c__Gammaproteobacteria","o__Methylococcales","f__Methylococcaceae","g__Methylococcaceae","s__",35
"OTU255","k__Bacteria","p__Proteobacteria","c__Alphaproteobacteria","o__Rhodobacterales","f__Rhodobacteraceae","g__","s__",60
"OTU257","k__Bacteria","p__Proteobacteria","c__Gammaproteobacteria","o__Burkholderiales","f__Sutterellaceae","g__uncultured","s__uncultured_bacterium",29
"OTU258","k__Bacteria","p__Proteobacteria","c__Alphaproteobacteria","o__Rhizobiales","f__Rhizobiales_Incertae_Sedis","g__Phreatobacter","s__",23
"OTU259","k__Bacteria","p__Proteobacteria","c__Alphaproteobacteria","o__Rhodobacterales","f__Rhodobacteraceae","g__Rhodobacter","s__",74
"OTU26","k__Bacteria","p__Firmicutes","c__Bacilli","o__Erysipelotrichales","f__Erysipelotrichaceae","g__[Anaerorhabdus]_furcosa_group","s__uncultured_Anaerorhabdus",1817
"OTU260","k__Bacteria","p__Firmicutes","c__Bacilli","o__Lactobacillales","f__Streptococcaceae","g__Lactovum","s__uncultured_bacterium",19
"OTU265","k__Bacteria","p__Proteobacteria","c__Alphaproteobacteria","o__Rhodobacterales","f__Rhodobacteraceae","g__Thioclava","s__uncultured_bacterium",52
"OTU271","k__Bacteria","p__Firmicutes","c__Bacilli","o__Lactobacillales","f__Leuconostocaceae","g__Leuconostoc","s__Leuconostoc_lactis",17
"OTU276","k__Bacteria","p__Firmicutes","c__Clostridia","o__Clostridiales","f__Clostridiaceae","g__Clostridium_sensu_stricto_1","s__",32
"OTU278","k__Bacteria","p__Proteobacteria","c__Alphaproteobacteria","o__Rhizobiales","f__Beijerinckiaceae","g__","s__",33
"OTU2831","k__Bacteria","p__Firmicutes","c__Clostridia","o__Lachnospirales","f__Lachnospiraceae","g__Tyzzerella","s__uncultured_bacterium",12
"OTU2832","k__Bacteria","p__Firmicutes","c__Clostridia","o__Clostridiales","f__Clostridiaceae","g__Clostridium_sensu_stricto_1","s__Clostridium_colicanis",13
"OTU2833","k__Bacteria","p__Proteobacteria","c__Gammaproteobacteria","o__Enterobacterales","f__Enterobacteriaceae","g__","s__",9
"OTU29","k__Bacteria","p__Firmicutes","c__Bacilli","o__Lactobacillales","f__Leuconostocaceae","g__Weissella","s__",1026
"OTU293","k__Bacteria","p__Proteobacteria","c__Alphaproteobacteria","o__Rhizobiales","f__Rhizobiales_Incertae_Sedis","g__uncultured","s__uncultured_bacterium",17
"OTU297","k__Bacteria","p__Actinobacteriota","c__Actinobacteria","o__Kineosporiales","f__Kineosporiaceae","g__","s__",38
"OTU303","k__Bacteria","p__Proteobacteria","c__Alphaproteobacteria","o__Rhodobacterales","f__Rhodobacteraceae","g__","s__",36
"OTU304","k__Bacteria","p__Proteobacteria","c__Alphaproteobacteria","o__Rhodobacterales","f__Rhodobacteraceae","g__Rhodobacter","s__",37
"OTU307","k__Bacteria","p__Firmicutes","c__Bacilli","o__Lactobacillales","f__Leuconostocaceae","g__Weissella","s__",30
"OTU309","k__Bacteria","p__Proteobacteria","c__Alphaproteobacteria","o__Rhizobiales","f__Rhizobiaceae","g__uncultured","s__metagenome",16
"OTU31","k__Bacteria","p__Bacteroidota","c__Bacteroidia","o__Bacteroidales","f__Bacteroidaceae","g__Bacteroides","s__",1018
"OTU312","k__Bacteria","p__Proteobacteria","c__Gammaproteobacteria","o__Gammaproteobacteria_Incertae_Sedis","f__Unknown_Family","g__Unknown_Family","s__uncultured_bacterium",22
"OTU317","k__Bacteria","p__Proteobacteria","c__Alphaproteobacteria","o__Rhizobiales","f__Hyphomicrobiaceae","g__uncultured","s__metagenome",24
"OTU32","k__Bacteria","p__Proteobacteria","c__Gammaproteobacteria","o__Enterobacterales","f__Enterobacteriaceae","g__Plesiomonas","s__Plesiomonas_shigelloides",37
"OTU3202","k__Bacteria","p__Firmicutes","c__Bacilli","o__RsaHf231","f__RsaHf231","g__RsaHf231","s__uncultured_bacterium",14
"OTU3203","k__Bacteria","p__Proteobacteria","c__Alphaproteobacteria","o__Sphingomonadales","f__Sphingomonadaceae","g__Sphingomonas","s__",17
"OTU327","k__Bacteria","p__Proteobacteria","c__Alphaproteobacteria","o__Rhodobacterales","f__Rhodobacteraceae","g__Pseudorhodobacter","s__",23
"OTU33","k__Bacteria","p__Firmicutes","c__Clostridia","o__Lachnospirales","f__Lachnospiraceae","g__Tyzzerella","s__uncultured_bacterium",140
"OTU336","k__Bacteria","p__Verrucomicrobiota","c__Verrucomicrobiae","o__Verrucomicrobiales","f__Rubritaleaceae","g__Luteolibacter","s__",40
"OTU345","k__Bacteria","p__Desulfobacterota","c__Syntrophobacteria","o__Syntrophobacterales","f__Syntrophobacteraceae","g__uncultured","s__uncultured_proteobacterium",25
"OTU348","k__Bacteria","p__Actinobacteriota","c__Actinobacteria","o__PeM15","f__PeM15","g__PeM15","s__metagenome",90
"OTU355","k__Bacteria","p__Actinobacteriota","c__Coriobacteriia","o__OPB41","f__OPB41","g__OPB41","s__",4
"OTU362","k__Bacteria","p__Desulfobacterota","c__Desulfobaccia","o__Desulfobaccales","f__Desulfobaccaceae","g__Desulfobacca","s__Desulfobacca_acetoxidans",13
"OTU37","k__Bacteria","p__Firmicutes","c__Bacilli","o__Lactobacillales","f__Streptococcaceae","g__Streptococcus","s__",447
"OTU376","k__Bacteria","p__Firmicutes","c__Bacilli","o__Lactobacillales","f__Leuconostocaceae","g__Weissella","s__",10
"OTU3766","k__Bacteria","p__Proteobacteria","c__Alphaproteobacteria","o__Sphingomonadales","f__Sphingomonadaceae","g__","s__",18
"OTU3767","k__Bacteria","p__Patescibacteria","c__Saccharimonadia","o__Saccharimonadales","f__Saccharimonadales","g__Saccharimonadales","s__uncultured_bacterium",2
"OTU38","k__Bacteria","p__Firmicutes","c__Clostridia","o__Peptostreptococcales-Tissierellales","f__Anaerovoracaceae","g__[Eubacterium]_brachy_group","s__uncultured_bacterium",1490
"OTU381","k__Bacteria","p__Proteobacteria","c__Alphaproteobacteria","o__Rhodobacterales","f__Rhodobacteraceae","g__Pseudorhodobacter","s__",36
"OTU39","k__Bacteria","p__Firmicutes","c__Bacilli","o__Erysipelotrichales","f__Erysipelotrichaceae","g__ZOR0006","s__uncultured_bacterium",348
"OTU391","k__Bacteria","p__Proteobacteria","c__Gammaproteobacteria","o__SZB30","f__SZB30","g__SZB30","s__uncultured_bacterium",89
"OTU396","k__Bacteria","p__Verrucomicrobiota","c__Verrucomicrobiae","o__Verrucomicrobiales","f__Rubritaleaceae","g__Luteolibacter","s__",18
"OTU4","k__Bacteria","p__Firmicutes","c__Bacilli","o__Erysipelotrichales","f__Erysipelotrichaceae","g__[Anaerorhabdus]_furcosa_group","s__",14438
"OTU410","k__Bacteria","p__Proteobacteria","c__Alphaproteobacteria","o__Rhizobiales","f__Rhizobiales_Incertae_Sedis","g__Alsobacter","s__",8
"OTU411","k__Bacteria","p__Proteobacteria","c__Gammaproteobacteria","o__Burkholderiales","f__Sutterellaceae","g__uncultured","s__",9
"OTU4128","k__Bacteria","p__Actinobacteriota","c__Acidimicrobiia","o__Microtrichales","f__Iamiaceae","g__Iamia","s__",5
"OTU413","k__Bacteria","p__Actinobacteriota","c__Coriobacteriia","o__OPB41","f__OPB41","g__OPB41","s__",15
"OTU4155","k__Bacteria","p__Firmicutes","c__Bacilli","o__Lactobacillales","f__Streptococcaceae","g__Lactococcus","s__",14
"OTU4157","k__Bacteria","p__Proteobacteria","c__Gammaproteobacteria","o__Xanthomonadales","f__Xanthomonadaceae","g__Luteimonas","s__",5
"OTU423","k__Bacteria","p__Proteobacteria","c__Alphaproteobacteria","o__Rhodobacterales","f__Rhodobacteraceae","g__Nautella","s__",15
"OTU43","k__Bacteria","p__Proteobacteria","c__Gammaproteobacteria","o__Alteromonadales","f__Shewanellaceae","g__Shewanella","s__",813
"OTU433","k__Bacteria","p__Proteobacteria","c__Alphaproteobacteria","o__Rhodobacterales","f__Rhodobacteraceae","g__","s__",10
"OTU435","k__Bacteria","p__Proteobacteria","c__Alphaproteobacteria","o__Rhodobacterales","f__Rhodobacteraceae","g__Rhodobacter","s__",28
"OTU44","k__Bacteria","p__Firmicutes","c__Clostridia","o__Clostridiales","f__Clostridiaceae","g__Clostridium_sensu_stricto_1","s__uncultured_Clostridium",256
"OTU444","k__Bacteria","p__Proteobacteria","c__Gammaproteobacteria","o__Steroidobacterales","f__Steroidobacteraceae","g__uncultured","s__",12
"OTU45","k__Bacteria","p__Firmicutes","c__Clostridia","o__Lachnospirales","f__Lachnospiraceae","g__Tyzzerella","s__",398
"OTU457","k__Bacteria","p__Proteobacteria","c__Gammaproteobacteria","o__HOC36","f__HOC36","g__HOC36","s__uncultured_bacterium",12
"OTU46","k__Bacteria","p__Firmicutes","c__Clostridia","o__Clostridiales","f__Clostridiaceae","g__","s__",46
"OTU461","k__Bacteria","p__Chloroflexi","c__Anaerolineae","o__SJA-15","f__SJA-15","g__SJA-15","s__uncultured_bacterium",11
"OTU465","k__Bacteria","p__Proteobacteria","c__Alphaproteobacteria","o__Rhizobiales","f__Rhizobiales_Incertae_Sedis","g__Phreatobacter","s__",10
"OTU47","k__Bacteria","p__Proteobacteria","c__Gammaproteobacteria","o__Alteromonadales","f__Shewanellaceae","g__Shewanella","s__",912
"OTU478","k__Bacteria","p__Proteobacteria","c__Alphaproteobacteria","o__Rhizobiales","f__Beijerinckiaceae","g__alphaI_cluster","s__",9
"OTU479","k__Bacteria","p__Proteobacteria","c__Alphaproteobacteria","o__Rhodobacterales","f__Rhodobacteraceae","g__Tabrizicola","s__",11
"OTU48","k__Bacteria","p__Firmicutes","c__Bacilli","o__Lactobacillales","f__Streptococcaceae","g__Lactococcus","s__Lactococcus_garvieae",150
"OTU488","k__Bacteria","p__Actinobacteriota","c__Acidimicrobiia","o__Microtrichales","f__Ilumatobacteraceae","g__uncultured","s__uncultured_soil",12
"OTU49","k__Bacteria","p__Bacteroidota","c__Bacteroidia","o__Bacteroidales","f__Bacteroidaceae","g__Bacteroides","s__Bacteroidaceae_bacterium",1455
"OTU492","k__Bacteria","p__Patescibacteria","c__Saccharimonadia","o__Saccharimonadales","f__Saccharimonadales","g__Saccharimonadales","s__",39
"OTU5","k__Bacteria","p__Firmicutes","c__Bacilli","o__RsaHf231","f__RsaHf231","g__RsaHf231","s__uncultured_bacterium",19066
"OTU50","k__Bacteria","p__Proteobacteria","c__Gammaproteobacteria","o__Vibrionales","f__Vibrionaceae","g__Vibrio","s__",1287
"OTU512","k__Bacteria","p__Proteobacteria","c__Alphaproteobacteria","o__Rhizobiales","f__Hyphomicrobiaceae","g__Hyphomicrobium","s__metagenome",10
"OTU525","k__Bacteria","p__Actinobacteriota","c__Acidimicrobiia","o__Microtrichales","f__Ilumatobacteraceae","g__Ilumatobacter","s__",16
"OTU5318","k__Bacteria","p__Firmicutes","c__Bacilli","o__Mycoplasmatales","f__Mycoplasmataceae","g__Candidatus_Bacilloplasma","s__uncultured_bacterium",11
"OTU5319","k__Bacteria","p__Firmicutes","c__Clostridia","o__Lachnospirales","f__Lachnospiraceae","g__Lachnospiraceae_NK4A136_group","s__",12
"OTU534","k__Bacteria","p__Firmicutes","c__Bacilli","o__Lactobacillales","f__Streptococcaceae","g__Lactococcus","s__",12
"OTU54","k__Bacteria","p__Proteobacteria","c__Gammaproteobacteria","o__Enterobacterales","f__Enterobacteriaceae","g__Klebsiella","s__",52
"OTU549","k__Bacteria","p__Proteobacteria","c__Gammaproteobacteria","o__Aeromonadales","f__Aeromonadaceae","g__Aeromonas","s__Pseudaeromonas_sharmana",19
"OTU552","k__Bacteria","p__Bacteroidota","c__Bacteroidia","o__Bacteroidales","f__Prevotellaceae","g__Prevotella","s__",8
"OTU56","k__Bacteria","p__Firmicutes","c__Bacilli","o__Erysipelotrichales","f__Erysipelatoclostridiaceae","g__Erysipelatoclostridium","s__",170
"OTU57","k__Bacteria","p__Fusobacteriota","c__Fusobacteriia","o__Fusobacteriales","f__Fusobacteriaceae","g__Cetobacterium","s__uncultured_bacterium",494
"OTU583","k__Bacteria","p__Patescibacteria","c__Saccharimonadia","o__Saccharimonadales","f__Saccharimonadales","g__Saccharimonadales","s__uncultured_bacterium",11
"OTU59","k__Bacteria","p__Firmicutes","c__Clostridia","o__Lachnospirales","f__Lachnospiraceae","g__Tyzzerella","s__",83
"OTU597","k__Bacteria","p__Actinobacteriota","c__Actinobacteria","o__PeM15","f__PeM15","g__PeM15","s__metagenome",47
"OTU60","k__Bacteria","p__Proteobacteria","c__Gammaproteobacteria","o__Enterobacterales","f__Enterobacteriaceae","g__Klebsiella","s__",14
"OTU620","k__Bacteria","p__Proteobacteria","c__Gammaproteobacteria","o__Gammaproteobacteria_Incertae_Sedis","f__Unknown_Family","g__Unknown_Family","s__uncultured_bacterium",16
"OTU628","k__Bacteria","p__Patescibacteria","c__Saccharimonadia","o__Saccharimonadales","f__Saccharimonadales","g__Saccharimonadales","s__",20
"OTU63","k__Bacteria","p__Firmicutes","c__Clostridia","o__Clostridiales","f__Clostridiaceae","g__Candidatus_Arthromitus","s__Candidatus_Arthromitus",184
"OTU6391","k__Bacteria","p__Firmicutes","c__Clostridia","o__Peptostreptococcales-Tissierellales","f__Anaerovoracaceae","g__","s__",6
"OTU6392","k__Bacteria","p__Proteobacteria","c__Gammaproteobacteria","o__Enterobacterales","f__Enterobacteriaceae","g__","s__",3
"OTU6393","k__Bacteria","p__Proteobacteria","c__Gammaproteobacteria","o__Gammaproteobacteria_Incertae_Sedis","f__Unknown_Family","g__Unknown_Family","s__uncultured_bacterium",10
"OTU656","k__Bacteria","p__Firmicutes","c__Clostridia","o__Clostridiales","f__Clostridiaceae","g__Clostridium_sensu_stricto_1","s__",30
"OTU66","k__Bacteria","p__Proteobacteria","c__Gammaproteobacteria","o__Burkholderiales","f__Comamonadaceae","g__Brachymonas","s__Brachymonas_sp.",595
"OTU67","k__Bacteria","p__Proteobacteria","c__Gammaproteobacteria","o__Enterobacterales","f__Enterobacteriaceae","g__","s__",391
"OTU68","k__Bacteria","p__Firmicutes","c__Bacilli","o__Lactobacillales","f__Streptococcaceae","g__Streptococcus","s__",2898
"OTU7","k__Bacteria","p__Firmicutes","c__Bacilli","o__Mycoplasmatales","f__Mycoplasmataceae","g__Candidatus_Bacilloplasma","s__uncultured_bacterium",4289
"OTU70","k__Bacteria","p__Firmicutes","c__Clostridia","o__Clostridiales","f__Clostridiaceae","g__","s__",157
"OTU75","k__Bacteria","p__Proteobacteria","c__Gammaproteobacteria","o__Vibrionales","f__Vibrionaceae","g__Vibrio","s__",658
"OTU757","k__Bacteria","p__Firmicutes","c__Bacilli","o__Exiguobacterales","f__Exiguobacteraceae","g__Exiguobacterium","s__uncultured_bacterium",7
"OTU762","k__Bacteria","p__Proteobacteria","c__Gammaproteobacteria","o__Gammaproteobacteria_Incertae_Sedis","f__Unknown_Family","g__Unknown_Family","s__uncultured_bacterium",18
"OTU77","k__Bacteria","p__Proteobacteria","c__Gammaproteobacteria","o__Enterobacterales","f__Enterobacteriaceae","g__Escherichia-Shigella","s__",132
"OTU78","k__Bacteria","p__Proteobacteria","c__Gammaproteobacteria","o__SZB30","f__SZB30","g__SZB30","s__uncultured_bacterium",674
"OTU788","k__Bacteria","p__Proteobacteria","c__Alphaproteobacteria","o__Paracaedibacterales","f__Paracaedibacteraceae","g__Candidatus_Paracaedibacter","s__uncultured_bacterium",8
"OTU79","k__Bacteria","p__Cyanobacteria","c__Cyanobacteriia","o__Synechococcales","f__Cyanobiaceae","g__Cyanobium_PCC-6307","s__",345
"OTU8","k__Bacteria","p__Firmicutes","c__Bacilli","o__Mycoplasmatales","f__Mycoplasmataceae","g__Candidatus_Bacilloplasma","s__uncultured_bacterium",6318
"OTU801","k__Bacteria","p__Proteobacteria","c__Alphaproteobacteria","o__Rhodobacterales","f__Rhodobacteraceae","g__","s__",11
"OTU810","k__Bacteria","p__Patescibacteria","c__Saccharimonadia","o__Saccharimonadales","f__Saccharimonadales","g__Saccharimonadales","s__uncultured_bacterium",11
"OTU82","k__Bacteria","p__Proteobacteria","c__Alphaproteobacteria","o__Rhizobiales","f__Rhizobiales_Incertae_Sedis","g__uncultured","s__metagenome",189
"OTU838","k__Bacteria","p__Firmicutes","c__Clostridia","o__Clostridiales","f__Clostridiaceae","g__Clostridium_sensu_stricto_12","s__uncultured_bacterium",23
"OTU839","k__Bacteria","p__Cyanobacteria","c__Cyanobacteriia","o__Oxyphotobacteria_Incertae_Sedis","f__Unknown_Family","g__uncultured","s__uncultured_bacterium",12
"OTU846","k__Bacteria","p__Actinobacteriota","c__Thermoleophilia","o__Gaiellales","f__uncultured","g__uncultured","s__",20
"OTU8488","k__Bacteria","p__Bacteroidota","c__Bacteroidia","o__Bacteroidales","f__Dysgonomonadaceae","g__Dysgonomonas","s__Dysgonomonas_alginatilytica",6
"OTU8490","k__Bacteria","p__Proteobacteria","c__Gammaproteobacteria","o__","f__","g__","s__",6
"OTU86","k__Bacteria","p__Firmicutes","c__Clostridia","o__Peptostreptococcales-Tissierellales","f__Anaerovoracaceae","g__","s__",234
"OTU874","k__Bacteria","p__Proteobacteria","c__Gammaproteobacteria","o__Pseudomonadales","f__Moraxellaceae","g__Acinetobacter","s__",16
"OTU88","k__Bacteria","p__Cyanobacteria","c__Cyanobacteriia","o__Cyanobacteriales","f__Phormidiaceae","g__Planktothrix_NIVA-CYA_15","s__bacterium_enrichment",692
"OTU9","k__Bacteria","p__Firmicutes","c__Bacilli","o__Erysipelotrichales","f__Erysipelotrichaceae","g__ZOR0006","s__uncultured_bacterium",24435
"OTU910","k__Bacteria","p__Verrucomicrobiota","c__Verrucomicrobiae","o__Verrucomicrobiales","f__Rubritaleaceae","g__Luteolibacter","s__",10
"OTU933","k__Bacteria","p__Bdellovibrionota","c__Bdellovibrionia","o__Bdellovibrionales","f__Bdellovibrionaceae","g__Bdellovibrio","s__uncultured_bacterium",3
"OTU94","k__Bacteria","p__Cyanobacteria","c__Cyanobacteriia","o__Cyanobacteriales","f__Phormidiaceae","g__","s__",153
"OTU95","k__Bacteria","p__Proteobacteria","c__Alphaproteobacteria","o__Rhodobacterales","f__Rhodobacteraceae","g__Rhodobacter","s__",259
"OTU97","k__Bacteria","p__Firmicutes","c__Bacilli","o__Mycoplasmatales","f__Mycoplasmataceae","g__Candidatus_Bacilloplasma","s__uncultured_bacterium",154
"OTU98","k__Bacteria","p__Proteobacteria","c__Alphaproteobacteria","o__Rhizobiales","f__Beijerinckiaceae","g__Methylocystis","s__",179
