"geneid","Kingdom","Phylum","Class","Order","Family","Genus","Species","fc"
"OTU10","k__Bacteria","p__Firmicutes","c__Bacilli","o__Erysipelotrichales","f__Erysipelotrichaceae","g__[Anaerorhabdus]_furcosa_group","s__",1752
"OTU100","k__Bacteria","p__Bacteroidota","c__Bacteroidia","o__Bacteroidales","f__Bacteroidaceae","g__Bacteroides","s__Bacteroides_vulgatus",21
"OTU102","k__Bacteria","p__Firmicutes","c__Bacilli","o__Mycoplasmatales","f__Mycoplasmataceae","g__Candidatus_Bacilloplasma","s__uncultured_bacterium",110
"OTU1021","k__Bacteria","p__Nitrospirota","c__Thermodesulfovibrionia","o__uncultured","f__uncultured","g__uncultured","s__uncultured_bacterium",11
"OTU104","k__Bacteria","p__Patescibacteria","c__Saccharimonadia","o__Saccharimonadales","f__Saccharimonadales","g__Saccharimonadales","s__",225
"OTU105","k__Bacteria","p__Firmicutes","c__Negativicutes","o__Acidaminococcales","f__Acidaminococcaceae","g__Acidaminococcus","s__uncultured_bacterium",95
"OTU1057","k__Bacteria","p__Firmicutes","c__Clostridia","o__Eubacteriales","f__Eubacteriaceae","g__Acetobacterium","s__",33
"OTU1058","k__Bacteria","p__Proteobacteria","c__Alphaproteobacteria","o__Rhodobacterales","f__Rhodobacteraceae","g__Rhodobacter","s__",3
"OTU106","k__Bacteria","p__Proteobacteria","c__Alphaproteobacteria","o__Rhizobiales","f__Rhizobiales_Incertae_Sedis","g__uncultured","s__",48
"OTU1071","k__Bacteria","p__Patescibacteria","c__Saccharimonadia","o__Saccharimonadales","f__Saccharimonadales","g__Saccharimonadales","s__uncultured_candidate",11
"OTU108","k__Bacteria","p__Cyanobacteria","c__Cyanobacteriia","o__Oxyphotobacteria_Incertae_Sedis","f__Unknown_Family","g__Leptolyngbya_ANT.L52.2","s__Leptolyngbya_sp.",1049
"OTU1088","k__Bacteria","p__Desulfobacterota","c__Syntrophobacteria","o__Syntrophobacterales","f__Syntrophobacteraceae","g__Syntrophobacter","s__",6
"OTU1089","k__Bacteria","p__Firmicutes","c__Clostridia","o__Clostridia_UCG-014","f__Clostridia_UCG-014","g__Clostridia_UCG-014","s__uncultured_Firmicutes",4
"OTU109","k__Bacteria","p__Proteobacteria","c__Alphaproteobacteria","o__Rhizobiales","f__Beijerinckiaceae","g__Methylocystis","s__",223
"OTU1097","k__Bacteria","p__Proteobacteria","c__Alphaproteobacteria","o__Rhizobiales","f__Beijerinckiaceae","g__Methylocystis","s__",16
"OTU11","k__Bacteria","p__Proteobacteria","c__Gammaproteobacteria","o__Enterobacterales","f__Enterobacteriaceae","g__Plesiomonas","s__Plesiomonas_shigelloides",491
"OTU110","k__Bacteria","p__Proteobacteria","c__Gammaproteobacteria","o__Burkholderiales","f__Rhodocyclaceae","g__Niveibacterium","s__uncultured_bacterium",153
"OTU112","k__Bacteria","p__Firmicutes","c__Clostridia","o__Lachnospirales","f__Lachnospiraceae","g__","s__",7
"OTU113","k__Bacteria","p__Proteobacteria","c__Alphaproteobacteria","o__Rhizobiales","f__Rhizobiales_Incertae_Sedis","g__uncultured","s__",45
"OTU114","k__Bacteria","p__Firmicutes","c__Bacilli","o__Lactobacillales","f__Leuconostocaceae","g__Weissella","s__",27
"OTU116","k__Bacteria","p__Firmicutes","c__Clostridia","o__Lachnospirales","f__Lachnospiraceae","g__Tyzzerella","s__",93
"OTU1163","k__Bacteria","p__Firmicutes","c__Bacilli","o__Exiguobacterales","f__Exiguobacteraceae","g__Exiguobacterium","s__",5
"OTU118","k__Bacteria","p__Firmicutes","c__Clostridia","o__Clostridiales","f__Clostridiaceae","g__Clostridium_sensu_stricto_1","s__",13
"OTU1181","k__Bacteria","p__Patescibacteria","c__Saccharimonadia","o__Saccharimonadales","f__LWQ8","g__LWQ8","s__uncultured_bacterium",18
"OTU12","k__Bacteria","p__Firmicutes","c__Clostridia","o__Clostridiales","f__Clostridiaceae","g__Clostridium_sensu_stricto_1","s__",117
"OTU120","k__Bacteria","p__Proteobacteria","c__Gammaproteobacteria","o__Aeromonadales","f__Aeromonadaceae","g__Aeromonas","s__",94
"OTU1204","k__Bacteria","p__Chloroflexi","c__Anaerolineae","o__Caldilineales","f__Caldilineaceae","g__uncultured","s__uncultured_bacterium",9
"OTU1216","k__Bacteria","p__Patescibacteria","c__Saccharimonadia","o__Saccharimonadales","f__Saccharimonadales","g__Saccharimonadales","s__",9
"OTU1224","k__Bacteria","p__Firmicutes","c__Clostridia","o__Clostridiales","f__Clostridiaceae","g__Clostridium_sensu_stricto_1","s__",7
"OTU1225","k__Bacteria","p__Chloroflexi","c__Chloroflexia","o__Thermomicrobiales","f__JG30-KF-CM45","g__JG30-KF-CM45","s__",4
"OTU1226","k__Bacteria","p__Actinobacteriota","c__Coriobacteriia","o__OPB41","f__OPB41","g__OPB41","s__",9
"OTU1227","k__Bacteria","p__Proteobacteria","c__Alphaproteobacteria","o__Rhizobiales","f__Hyphomicrobiaceae","g__Hyphomicrobium","s__",8
"OTU123","k__Bacteria","p__Firmicutes","c__Bacilli","o__Erysipelotrichales","f__Erysipelotrichaceae","g__Turicibacter","s__",53
"OTU124","k__Bacteria","p__Firmicutes","c__Clostridia","o__Oscillospirales","f__Ruminococcaceae","g__Faecalibacterium","s__",43
"OTU1242","k__Bacteria","p__Actinobacteriota","c__Actinobacteria","o__PeM15","f__PeM15","g__PeM15","s__metagenome",4
"OTU1244","k__Bacteria","p__Proteobacteria","c__Gammaproteobacteria","o__Xanthomonadales","f__Xanthomonadaceae","g__Pseudoxanthomonas","s__Pseudoxanthomonas_taiwanensis",5
"OTU1253","k__Bacteria","p__Bacteroidota","c__Bacteroidia","o__Chitinophagales","f__Chitinophagaceae","g__Niabella","s__uncultured_bacterium",13
"OTU1254","k__Bacteria","p__Firmicutes","c__Clostridia","o__Clostridiales","f__Clostridiaceae","g__Clostridium_sensu_stricto_8","s__uncultured_bacterium",31
"OTU12542","k__Bacteria","p__Cyanobacteria","c__Cyanobacteriia","o__Synechococcales","f__Cyanobiaceae","g__Cyanobium_PCC-6307","s__",5
"OTU12549","k__Bacteria","p__Planctomycetota","c__Planctomycetes","o__Planctomycetales","f__uncultured","g__uncultured","s__uncultured_bacterium",2
"OTU12556","k__Bacteria","p__Firmicutes","c__Clostridia","o__Clostridiales","f__Clostridiaceae","g__Clostridium_sensu_stricto_1","s__uncultured_Clostridia",3
"OTU12565","k__Bacteria","p__Proteobacteria","c__Alphaproteobacteria","o__Rhodobacterales","f__Rhodobacteraceae","g__","s__",4
"OTU12573","k__Bacteria","p__Cyanobacteria","c__Cyanobacteriia","o__Cyanobacteriales","f__Phormidiaceae","g__Planktothrix_NIVA-CYA_15","s__bacterium_enrichment",4
"OTU12576","k__Bacteria","p__Proteobacteria","c__Alphaproteobacteria","o__Rhizobiales","f__Beijerinckiaceae","g__Methylobacterium-Methylorubrum","s__",5
"OTU12592","k__Bacteria","p__Firmicutes","c__Bacilli","o__Erysipelotrichales","f__Erysipelotrichaceae","g__ZOR0006","s__uncultured_bacterium",7
"OTU12594","k__Bacteria","p__Methylomirabilota","c__Methylomirabilia","o__Rokubacteriales","f__WX65","g__WX65","s__bacterium_WX65",5
"OTU12595","k__Bacteria","p__Dependentiae","c__Babeliae","o__Babeliales","f__Babeliales","g__Babeliales","s__uncultured_bacterium",4
"OTU126","k__Bacteria","p__Bacteroidota","c__Bacteroidia","o__Bacteroidales","f__Bacteroidaceae","g__Bacteroides","s__Bacteroides_coprocola",22
"OTU12601","k__Bacteria","p__Patescibacteria","c__Saccharimonadia","o__Saccharimonadales","f__","g__","s__",3
"OTU12605","k__Bacteria","p__Firmicutes","c__Bacilli","o__Mycoplasmatales","f__Mycoplasmataceae","g__","s__",3
"OTU12606","k__Bacteria","p__Proteobacteria","c__Gammaproteobacteria","o__Alteromonadales","f__Marinobacteraceae","g__Marinobacter","s__Marinobacter_lipolyticus",6
"OTU12611","k__Bacteria","p__Bacteroidota","c__Bacteroidia","o__Bacteroidales","f__Prevotellaceae","g__Prevotella","s__",2
"OTU12617","k__Bacteria","p__Firmicutes","c__Clostridia","o__Oscillospirales","f__Oscillospiraceae","g__uncultured","s__uncultured_Firmicutes",7
"OTU1263","k__Bacteria","p__Firmicutes","c__Bacilli","o__Lactobacillales","f__Carnobacteriaceae","g__Trichococcus","s__",25
"OTU12633","k__Bacteria","p__Cyanobacteria","c__Cyanobacteriia","o__Synechococcales","f__Cyanobiaceae","g__Cyanobium_PCC-6307","s__bacterium_enrichment",6
"OTU12638","k__Bacteria","p__Proteobacteria","c__Gammaproteobacteria","o__Enterobacterales","f__Enterobacteriaceae","g__","s__",4
"OTU12639","k__Bacteria","p__Firmicutes","c__Bacilli","o__Lactobacillales","f__Streptococcaceae","g__Streptococcus","s__",5
"OTU12645","k__Bacteria","p__Firmicutes","c__Bacilli","o__Erysipelotrichales","f__Erysipelotrichaceae","g__[Anaerorhabdus]_furcosa_group","s__",10
"OTU12657","k__Bacteria","p__Proteobacteria","c__Alphaproteobacteria","o__Rhizobiales","f__","g__","s__",5
"OTU12683","k__Bacteria","p__Proteobacteria","c__Gammaproteobacteria","o__Alteromonadales","f__Alteromonadaceae","g__","s__",3
"OTU12694","k__Bacteria","p__Firmicutes","c__Clostridia","o__Clostridiales","f__Clostridiaceae","g__Clostridium_sensu_stricto_1","s__",2
"OTU12698","k__Bacteria","p__Firmicutes","c__Clostridia","o__Lachnospirales","f__Lachnospiraceae","g__","s__",3
"OTU12699","k__Bacteria","p__Bacteroidota","c__Bacteroidia","o__Bacteroidales","f__Bacteroidaceae","g__Bacteroides","s__Bacteroides_caecigallinarum",2
"OTU127","k__Bacteria","p__Firmicutes","c__Clostridia","o__Clostridiales","f__Clostridiaceae","g__Clostridium_sensu_stricto_1","s__uncultured_Clostridia",640
"OTU12705","k__Bacteria","p__Proteobacteria","c__Alphaproteobacteria","o__Rhizobiales","f__","g__","s__",2
"OTU12707","k__Bacteria","p__Proteobacteria","c__Gammaproteobacteria","o__Enterobacterales","f__Enterobacteriaceae","g__","s__",4
"OTU12710","k__Bacteria","p__Patescibacteria","c__Saccharimonadia","o__Saccharimonadales","f__Saccharimonadales","g__Saccharimonadales","s__",2
"OTU12713","k__Bacteria","p__Firmicutes","c__Bacilli","o__Lactobacillales","f__Streptococcaceae","g__Streptococcus","s__",3
"OTU12718","k__Bacteria","p__Chloroflexi","c__Anaerolineae","o__SJA-15","f__SJA-15","g__SJA-15","s__",2
"OTU12720","k__Bacteria","p__Bacteroidota","c__Bacteroidia","o__Bacteroidales","f__Prevotellaceae","g__Paraprevotella","s__",5
"OTU12721","k__Bacteria","p__Bacteroidota","c__Bacteroidia","o__Bacteroidales","f__Bacteroidaceae","g__Bacteroides","s__",5
"OTU12722","k__Bacteria","p__Bacteroidota","c__Bacteroidia","o__Bacteroidales","f__Dysgonomonadaceae","g__Dysgonomonas","s__Dysgonomonas_alginatilytica",2
"OTU1285","k__Bacteria","p__Proteobacteria","c__Alphaproteobacteria","o__Sphingomonadales","f__Sphingomonadaceae","g__Sphingomonas","s__",36
"OTU129","k__Bacteria","p__Proteobacteria","c__Gammaproteobacteria","o__Enterobacterales","f__Hafniaceae","g__Edwardsiella","s__",10
"OTU132","k__Bacteria","p__Proteobacteria","c__Gammaproteobacteria","o__Enterobacterales","f__Enterobacteriaceae","g__","s__",71
"OTU133","k__Bacteria","p__Cyanobacteria","c__Cyanobacteriia","o__Cyanobacteriales","f__Phormidiaceae","g__Planktothrix_NIVA-CYA_15","s__bacterium_enrichment",216
"OTU1334","k__Bacteria","p__Chloroflexi","c__Anaerolineae","o__SJA-15","f__SJA-15","g__SJA-15","s__uncultured_soil",6
"OTU1352","k__Bacteria","p__Proteobacteria","c__Gammaproteobacteria","o__Pseudomonadales","f__Moraxellaceae","g__Psychrobacter","s__",13
"OTU137","k__Bacteria","p__Proteobacteria","c__Alphaproteobacteria","o__Rhizobiales","f__Beijerinckiaceae","g__alphaI_cluster","s__",40
"OTU138","k__Bacteria","p__Proteobacteria","c__Gammaproteobacteria","o__Aeromonadales","f__Aeromonadaceae","g__Aeromonas","s__",181
"OTU1387","k__Bacteria","p__Actinobacteriota","c__Actinobacteria","o__Micrococcales","f__Micrococcaceae","g__Arthrobacter","s__",5
"OTU1388","k__Bacteria","p__Proteobacteria","c__Alphaproteobacteria","o__Defluviicoccales","f__Defluviicoccaceae","g__Defluviicoccus","s__uncultured_Alphaproteobacteria",3
"OTU1389","k__Bacteria","p__Firmicutes","c__Bacilli","o__Lactobacillales","f__Leuconostocaceae","g__Weissella","s__",5
"OTU14","k__Bacteria","p__Firmicutes","c__Clostridia","o__Peptostreptococcales-Tissierellales","f__Peptostreptococcaceae","g__Romboutsia","s__",959
"OTU140","k__Bacteria","p__Proteobacteria","c__Gammaproteobacteria","o__Burkholderiales","f__Chromobacteriaceae","g__Vogesella","s__Hydromonas_duriensis",156
"OTU1417","k__Bacteria","p__Firmicutes","c__Clostridia","o__Oscillospirales","f__Oscillospiraceae","g__Oscillibacter","s__unidentified",3
"OTU143","k__Bacteria","p__Patescibacteria","c__Saccharimonadia","o__Saccharimonadales","f__LWQ8","g__LWQ8","s__uncultured_bacterium",174
"OTU1434","k__Bacteria","p__Chloroflexi","c__Anaerolineae","o__Anaerolineales","f__Anaerolineaceae","g__Leptolinea","s__uncultured_bacterium",16
"OTU145","k__Bacteria","p__Proteobacteria","c__Alphaproteobacteria","o__Rhodobacterales","f__Rhodobacteraceae","g__","s__",33
"OTU1460","k__Bacteria","p__Desulfobacterota","c__Desulfovibrionia","o__Desulfovibrionales","f__Desulfovibrionaceae","g__Desulfovibrio","s__Desulfovibrio_desulfuricans",4
"OTU148","k__Bacteria","p__Proteobacteria","c__Alphaproteobacteria","o__Rhodobacterales","f__Rhodobacteraceae","g__Defluviimonas","s__uncultured_bacterium",144
"OTU1482","k__Bacteria","p__Firmicutes","c__Negativicutes","o__Acidaminococcales","f__Acidaminococcaceae","g__Acidaminococcus","s__uncultured_bacterium",5
"OTU149","k__Bacteria","p__Proteobacteria","c__Alphaproteobacteria","o__Rhodobacterales","f__Rhodobacteraceae","g__Rhodobacter","s__",101
"OTU15","k__Bacteria","p__Firmicutes","c__Clostridia","o__Lachnospirales","f__Lachnospiraceae","g__Tyzzerella","s__uncultured_bacterium",4541
"OTU151","k__Bacteria","p__Proteobacteria","c__Gammaproteobacteria","o__Burkholderiales","f__Rhodocyclaceae","g__Propionivibrio","s__uncultured_bacterium",75
"OTU152","k__Bacteria","p__Proteobacteria","c__Gammaproteobacteria","o__Methylococcales","f__Methylomonadaceae","g__Crenothrix","s__uncultured_bacterium",117
"OTU153","k__Bacteria","p__Proteobacteria","c__Alphaproteobacteria","o__Rhizobiales","f__Hyphomicrobiaceae","g__Hyphomicrobium","s__",89
"OTU155","k__Bacteria","p__Cyanobacteria","c__Vampirivibrionia","o__Caenarcaniphilales","f__Caenarcaniphilales","g__Caenarcaniphilales","s__",28
"OTU1550","k__Bacteria","p__Actinobacteriota","c__Actinobacteria","o__Corynebacteriales","f__Mycobacteriaceae","g__Mycobacterium","s__",12
"OTU157","k__Bacteria","p__Firmicutes","c__Bacilli","o__Lactobacillales","f__Leuconostocaceae","g__Leuconostoc","s__Leuconostoc_lactis",124
"OTU159","k__Bacteria","p__Actinobacteriota","c__Actinobacteria","o__PeM15","f__PeM15","g__PeM15","s__metagenome",183
"OTU1594","k__Bacteria","p__Proteobacteria","c__Gammaproteobacteria","o__SZB30","f__SZB30","g__SZB30","s__uncultured_bacterium",6
"OTU16","k__Bacteria","p__Bacteroidota","c__Bacteroidia","o__Bacteroidales","f__Bacteroidaceae","g__Bacteroides","s__",6336
"OTU160","k__Bacteria","p__Verrucomicrobiota","c__Verrucomicrobiae","o__Verrucomicrobiales","f__Rubritaleaceae","g__Luteolibacter","s__",64
"OTU1610","k__Bacteria","p__Chloroflexi","c__Chloroflexia","o__Thermomicrobiales","f__JG30-KF-CM45","g__JG30-KF-CM45","s__uncultured_bacterium",4
"OTU162","k__Bacteria","p__Firmicutes","c__Clostridia","o__Clostridiales","f__Clostridiaceae","g__Clostridium_sensu_stricto_1","s__",493
"OTU1636","k__Bacteria","p__Verrucomicrobiota","c__Verrucomicrobiae","o__Verrucomicrobiales","f__Rubritaleaceae","g__Luteolibacter","s__",4
"OTU1639","k__Bacteria","p__Patescibacteria","c__Saccharimonadia","o__Saccharimonadales","f__LWQ8","g__LWQ8","s__uncultured_bacterium",20
"OTU166","k__Bacteria","p__Firmicutes","c__Bacilli","o__Erysipelotrichales","f__Erysipelotrichaceae","g__Dielma","s__uncultured_bacterium",39
"OTU1663","k__Bacteria","p__Patescibacteria","c__Saccharimonadia","o__Saccharimonadales","f__Saccharimonadales","g__Saccharimonadales","s__",10
"OTU1667","k__Bacteria","p__Proteobacteria","c__Gammaproteobacteria","o__Thiotrichales","f__Thiotrichaceae","g__Thiothrix","s__metagenome",6
"OTU1688","k__Bacteria","p__Cyanobacteria","c__Vampirivibrionia","o__Caenarcaniphilales","f__Caenarcaniphilales","g__Caenarcaniphilales","s__uncultured_Firmicutes",24
"OTU1698","k__Bacteria","p__Bacteroidota","c__Bacteroidia","o__Bacteroidales","f__Bacteroidaceae","g__Bacteroides","s__Bacteroides_vulgatus",3
"OTU17","k__Bacteria","p__Firmicutes","c__Clostridia","o__Peptostreptococcales-Tissierellales","f__Peptostreptococcaceae","g__Romboutsia","s__",3027
"OTU170","k__Bacteria","p__Firmicutes","c__Clostridia","o__Clostridiales","f__Clostridiaceae","g__Clostridium_sensu_stricto_6","s__uncultured_bacterium",696
"OTU1756","k__Bacteria","p__Actinobacteriota","c__Actinobacteria","o__Micrococcales","f__Micrococcaceae","g__","s__",10
"OTU176","k__Bacteria","p__Bacteroidota","c__Bacteroidia","o__Bacteroidales","f__Bacteroidaceae","g__Bacteroides","s__Bacteroides_stercoris",12
"OTU177","k__Bacteria","p__Firmicutes","c__Clostridia","o__Clostridiales","f__Clostridiaceae","g__Clostridium_sensu_stricto_1","s__",7
"OTU179","k__Bacteria","p__Proteobacteria","c__Alphaproteobacteria","o__Rhizobiales","f__Rhizobiales_Incertae_Sedis","g__uncultured","s__uncultured_bacterium",30
"OTU18","k__Bacteria","p__Fusobacteriota","c__Fusobacteriia","o__Fusobacteriales","f__Fusobacteriaceae","g__Cetobacterium","s__uncultured_bacterium",72
"OTU182","k__Bacteria","p__Firmicutes","c__Bacilli","o__Mycoplasmatales","f__Mycoplasmataceae","g__uncultured","s__uncultured_bacterium",59
"OTU1831","k__Bacteria","p__Desulfobacterota","c__uncultured","o__uncultured","f__uncultured","g__uncultured","s__uncultured_Desulfuromonadales",4
"OTU1864","k__Bacteria","p__Proteobacteria","c__Alphaproteobacteria","o__Reyranellales","f__Reyranellaceae","g__Reyranella","s__uncultured_bacterium",12
"OTU1865","k__Bacteria","p__Actinobacteriota","c__RBG-16-55-12","o__RBG-16-55-12","f__RBG-16-55-12","g__RBG-16-55-12","s__uncultured_bacterium",2
"OTU1866","k__Bacteria","p__Proteobacteria","c__Gammaproteobacteria","o__Burkholderiales","f__Alcaligenaceae","g__Bordetella","s__",7
"OTU1891","k__Bacteria","p__Bacteroidota","c__Bacteroidia","o__Flavobacteriales","f__Weeksellaceae","g__Chryseobacterium","s__",2
"OTU19","k__Bacteria","p__Proteobacteria","c__Gammaproteobacteria","o__Pseudomonadales","f__Pseudomonadaceae","g__Pseudomonas","s__",37
"OTU191","k__Bacteria","p__Firmicutes","c__Bacilli","o__Lactobacillales","f__Enterococcaceae","g__Enterococcus","s__",59
"OTU1958","k__Bacteria","p__Firmicutes","c__Clostridia","o__Christensenellales","f__Christensenellaceae","g__Christensenellaceae_R-7_group","s__",9
"OTU196","k__Bacteria","p__Firmicutes","c__Clostridia","o__Lachnospirales","f__Lachnospiraceae","g__Fusicatenibacter","s__uncultured_organism",6
"OTU198","k__Bacteria","p__Firmicutes","c__Bacilli","o__Lactobacillales","f__Lactobacillaceae","g__Lactobacillus","s__Lactobacillus_murinus",2
"OTU20","k__Bacteria","p__Bacteroidota","c__Bacteroidia","o__Bacteroidales","f__Dysgonomonadaceae","g__Dysgonomonas","s__Dysgonomonas_alginatilytica",8687
"OTU200","k__Bacteria","p__Bacteroidota","c__Bacteroidia","o__Flavobacteriales","f__Weeksellaceae","g__","s__",27
"OTU2000","k__Bacteria","p__Firmicutes","c__Clostridia","o__Peptostreptococcales-Tissierellales","f__Anaerovoracaceae","g__[Eubacterium]_brachy_group","s__uncultured_bacterium",6
"OTU2011","k__Bacteria","p__Actinobacteriota","c__Actinobacteria","o__PeM15","f__PeM15","g__PeM15","s__metagenome",11
"OTU203","k__Bacteria","p__Proteobacteria","c__Alphaproteobacteria","o__Rhizobiales","f__Rhizobiales_Incertae_Sedis","g__Nordella","s__uncultured_bacterium",9
"OTU204","k__Bacteria","p__Proteobacteria","c__Gammaproteobacteria","o__Methylococcales","f__Methylococcaceae","g__Methyloparacoccus","s__uncultured_bacterium",89
"OTU208","k__Bacteria","p__Proteobacteria","c__Gammaproteobacteria","o__Steroidobacterales","f__Steroidobacteraceae","g__uncultured","s__",43
"OTU21","k__Bacteria","p__Firmicutes","c__Bacilli","o__Mycoplasmatales","f__Mycoplasmataceae","g__Candidatus_Bacilloplasma","s__uncultured_bacterium",13646
"OTU210","k__Bacteria","p__Proteobacteria","c__Alphaproteobacteria","o__Rhodobacterales","f__Rhodobacteraceae","g__Tropicimonas","s__uncultured_bacterium",29
"OTU2114","k__Bacteria","p__Verrucomicrobiota","c__Verrucomicrobiae","o__Chthoniobacterales","f__Chthoniobacteraceae","g__LD29","s__",8
"OTU219","k__Bacteria","p__Proteobacteria","c__Alphaproteobacteria","o__Rhizobiales","f__Beijerinckiaceae","g__alphaI_cluster","s__",9
"OTU2193","k__Bacteria","p__Firmicutes","c__Bacilli","o__RsaHf231","f__RsaHf231","g__RsaHf231","s__uncultured_bacterium",8
"OTU223","k__Bacteria","p__Cyanobacteria","c__Vampirivibrionia","o__Caenarcaniphilales","f__Caenarcaniphilales","g__Caenarcaniphilales","s__uncultured_Firmicutes",11
"OTU225","k__Bacteria","p__Actinobacteriota","c__Actinobacteria","o__Micrococcales","f__","g__","s__",61
"OTU2262","k__Bacteria","p__Firmicutes","c__Bacilli","o__RsaHf231","f__RsaHf231","g__RsaHf231","s__uncultured_bacterium",28
"OTU2265","k__Bacteria","p__Proteobacteria","c__Gammaproteobacteria","o__uncultured","f__uncultured","g__uncultured","s__metagenome",3
"OTU228","k__Bacteria","p__Proteobacteria","c__Gammaproteobacteria","o__Steroidobacterales","f__Steroidobacteraceae","g__uncultured","s__",10
"OTU229","k__Bacteria","p__Firmicutes","c__Clostridia","o__Peptostreptococcales-Tissierellales","f__Peptostreptococcaceae","g__Paeniclostridium","s__uncultured_bacterium",123
"OTU23","k__Bacteria","p__Firmicutes","c__Clostridia","o__Lachnospirales","f__Lachnospiraceae","g__Tyzzerella","s__",10724
"OTU234","k__Bacteria","p__Proteobacteria","c__Gammaproteobacteria","o__Competibacterales","f__Competibacteraceae","g__Candidatus_Competibacter","s__uncultured_bacterium",38
"OTU235","k__Bacteria","p__Fusobacteriota","c__Fusobacteriia","o__Fusobacteriales","f__Fusobacteriaceae","g__Cetobacterium","s__uncultured_bacterium",21
"OTU2351","k__Bacteria","p__Firmicutes","c__Bacilli","o__Erysipelotrichales","f__Erysipelatoclostridiaceae","g__Erysipelatoclostridium","s__",5
"OTU2354","k__Bacteria","p__Cyanobacteria","c__Cyanobacteriia","o__Cyanobacteriales","f__Microcystaceae","g__Synechocystis_CCALA_700","s__",2
"OTU238","k__Bacteria","p__Verrucomicrobiota","c__Verrucomicrobiae","o__Verrucomicrobiales","f__Rubritaleaceae","g__Luteolibacter","s__",45
"OTU24","k__Bacteria","p__Firmicutes","c__Bacilli","o__Lactobacillales","f__Streptococcaceae","g__Lactococcus","s__Lactococcus_lactis",3439
"OTU242","k__Bacteria","p__Firmicutes","c__Clostridia","o__Monoglobales","f__Monoglobaceae","g__Monoglobus","s__uncultured_organism",7
"OTU243","k__Bacteria","p__Proteobacteria","c__Alphaproteobacteria","o__Rhizobiales","f__Rhizobiales_Incertae_Sedis","g__uncultured","s__uncultured_bacterium",8
"OTU2446","k__Bacteria","p__Actinobacteriota","c__Acidimicrobiia","o__Microtrichales","f__uncultured","g__uncultured","s__",12
"OTU247","k__Bacteria","p__Fusobacteriota","c__Fusobacteriia","o__Fusobacteriales","f__Fusobacteriaceae","g__Cetobacterium","s__uncultured_bacterium",42
"OTU25","k__Bacteria","p__Proteobacteria","c__Gammaproteobacteria","o__Enterobacterales","f__Enterobacteriaceae","g__","s__",8670
"OTU250","k__Bacteria","p__Proteobacteria","c__Gammaproteobacteria","o__Methylococcales","f__Methylococcaceae","g__Methylococcaceae","s__",67
"OTU255","k__Bacteria","p__Proteobacteria","c__Alphaproteobacteria","o__Rhodobacterales","f__Rhodobacteraceae","g__","s__",23
"OTU256","k__Bacteria","p__Firmicutes","c__Clostridia","o__Clostridiales","f__Clostridiaceae","g__Clostridium_sensu_stricto_1","s__",73
"OTU2563","k__Bacteria","p__Bacteroidota","c__Bacteroidia","o__Bacteroidales","f__Bacteroidaceae","g__Bacteroides","s__Bacteroidaceae_bacterium",2
"OTU257","k__Bacteria","p__Proteobacteria","c__Gammaproteobacteria","o__Burkholderiales","f__Sutterellaceae","g__uncultured","s__uncultured_bacterium",42
"OTU258","k__Bacteria","p__Proteobacteria","c__Alphaproteobacteria","o__Rhizobiales","f__Rhizobiales_Incertae_Sedis","g__Phreatobacter","s__",5
"OTU259","k__Bacteria","p__Proteobacteria","c__Alphaproteobacteria","o__Rhodobacterales","f__Rhodobacteraceae","g__Rhodobacter","s__",72
"OTU26","k__Bacteria","p__Firmicutes","c__Bacilli","o__Erysipelotrichales","f__Erysipelotrichaceae","g__[Anaerorhabdus]_furcosa_group","s__uncultured_Anaerorhabdus",1039
"OTU260","k__Bacteria","p__Firmicutes","c__Bacilli","o__Lactobacillales","f__Streptococcaceae","g__Lactovum","s__uncultured_bacterium",71
"OTU262","k__Bacteria","p__Proteobacteria","c__Gammaproteobacteria","o__Competibacterales","f__Competibacteraceae","g__Candidatus_Competibacter","s__uncultured_bacterium",28
"OTU268","k__Bacteria","p__Firmicutes","c__Bacilli","o__Lactobacillales","f__Lactobacillaceae","g__Lactobacillus","s__",10
"OTU2691","k__Bacteria","p__Firmicutes","c__Clostridia","o__Lachnospirales","f__Lachnospiraceae","g__Epulopiscium","s__uncultured_bacterium",6
"OTU271","k__Bacteria","p__Firmicutes","c__Bacilli","o__Lactobacillales","f__Leuconostocaceae","g__Leuconostoc","s__Leuconostoc_lactis",5
"OTU274","k__Bacteria","p__Proteobacteria","c__Gammaproteobacteria","o__Burkholderiales","f__SC-I-84","g__SC-I-84","s__uncultured_bacterium",13
"OTU276","k__Bacteria","p__Firmicutes","c__Clostridia","o__Clostridiales","f__Clostridiaceae","g__Clostridium_sensu_stricto_1","s__",35
"OTU278","k__Bacteria","p__Proteobacteria","c__Alphaproteobacteria","o__Rhizobiales","f__Beijerinckiaceae","g__","s__",12
"OTU2816","k__Bacteria","p__Firmicutes","c__Bacilli","o__Bacillales","f__Planococcaceae","g__Lysinibacillus","s__",3
"OTU2822","k__Bacteria","p__Firmicutes","c__Bacilli","o__Lactobacillales","f__Streptococcaceae","g__Lactovum","s__",4
"OTU2826","k__Bacteria","p__Desulfobacterota","c__Desulfobulbia","o__Desulfobulbales","f__Desulfobulbaceae","g__Desulfobulbus","s__uncultured_bacterium",5
"OTU2828","k__Bacteria","p__Proteobacteria","c__Alphaproteobacteria","o__Defluviicoccales","f__Defluviicoccaceae","g__Defluviicoccus","s__uncultured_Defluviicoccus",5
"OTU2831","k__Bacteria","p__Firmicutes","c__Clostridia","o__Lachnospirales","f__Lachnospiraceae","g__Tyzzerella","s__uncultured_bacterium",3
"OTU2832","k__Bacteria","p__Firmicutes","c__Clostridia","o__Clostridiales","f__Clostridiaceae","g__Clostridium_sensu_stricto_1","s__Clostridium_colicanis",6
"OTU29","k__Bacteria","p__Firmicutes","c__Bacilli","o__Lactobacillales","f__Leuconostocaceae","g__Weissella","s__",745
"OTU293","k__Bacteria","p__Proteobacteria","c__Alphaproteobacteria","o__Rhizobiales","f__Rhizobiales_Incertae_Sedis","g__uncultured","s__uncultured_bacterium",22
"OTU295","k__Bacteria","p__Proteobacteria","c__Alphaproteobacteria","o__Rhizobiales","f__Rhizobiales_Incertae_Sedis","g__uncultured","s__",19
"OTU297","k__Bacteria","p__Actinobacteriota","c__Actinobacteria","o__Kineosporiales","f__Kineosporiaceae","g__","s__",16
"OTU3","k__Bacteria","p__Firmicutes","c__Bacilli","o__Mycoplasmatales","f__Mycoplasmataceae","g__Candidatus_Bacilloplasma","s__uncultured_bacterium",30280
"OTU300","k__Bacteria","p__Proteobacteria","c__Alphaproteobacteria","o__Rhodobacterales","f__Rhodobacteraceae","g__Rhodobacter","s__",14
"OTU3002","k__Bacteria","p__Actinobacteriota","c__Acidimicrobiia","o__Microtrichales","f__Microtrichaceae","g__IMCC26207","s__uncultured_bacterium",4
"OTU3004","k__Bacteria","p__Proteobacteria","c__Gammaproteobacteria","o__Coxiellales","f__Coxiellaceae","g__Coxiella","s__uncultured_bacterium",7
"OTU3007","k__Bacteria","p__Firmicutes","c__Bacilli","o__RsaHf231","f__RsaHf231","g__RsaHf231","s__uncultured_bacterium",15
"OTU303","k__Bacteria","p__Proteobacteria","c__Alphaproteobacteria","o__Rhodobacterales","f__Rhodobacteraceae","g__","s__",15
"OTU307","k__Bacteria","p__Firmicutes","c__Bacilli","o__Lactobacillales","f__Leuconostocaceae","g__Weissella","s__",8
"OTU309","k__Bacteria","p__Proteobacteria","c__Alphaproteobacteria","o__Rhizobiales","f__Rhizobiaceae","g__uncultured","s__metagenome",14
"OTU31","k__Bacteria","p__Bacteroidota","c__Bacteroidia","o__Bacteroidales","f__Bacteroidaceae","g__Bacteroides","s__",882
"OTU311","k__Bacteria","p__Cyanobacteria","c__Cyanobacteriia","o__Cyanobacteriales","f__Phormidiaceae","g__Arthrospira_PCC-7345","s__Neolyngbya_granulosa",13
"OTU312","k__Bacteria","p__Proteobacteria","c__Gammaproteobacteria","o__Gammaproteobacteria_Incertae_Sedis","f__Unknown_Family","g__Unknown_Family","s__uncultured_bacterium",14
"OTU316","k__Bacteria","p__Proteobacteria","c__Gammaproteobacteria","o__Methylococcales","f__Methylococcaceae","g__Methylocaldum","s__uncultured_bacterium",6
"OTU317","k__Bacteria","p__Proteobacteria","c__Alphaproteobacteria","o__Rhizobiales","f__Hyphomicrobiaceae","g__uncultured","s__metagenome",11
"OTU3198","k__Bacteria","p__Actinobacteriota","c__Thermoleophilia","o__Gaiellales","f__uncultured","g__uncultured","s__",9
"OTU32","k__Bacteria","p__Proteobacteria","c__Gammaproteobacteria","o__Enterobacterales","f__Enterobacteriaceae","g__Plesiomonas","s__Plesiomonas_shigelloides",54
"OTU3201","k__Bacteria","p__Firmicutes","c__Bacilli","o__RsaHf231","f__RsaHf231","g__RsaHf231","s__uncultured_bacterium",3
"OTU3202","k__Bacteria","p__Firmicutes","c__Bacilli","o__RsaHf231","f__RsaHf231","g__RsaHf231","s__uncultured_bacterium",6
"OTU3204","k__Bacteria","p__Firmicutes","c__Bacilli","o__Lactobacillales","f__Streptococcaceae","g__Streptococcus","s__",4
"OTU324","k__Bacteria","p__Actinobacteriota","c__Actinobacteria","o__PeM15","f__PeM15","g__PeM15","s__uncultured_soil",24
"OTU327","k__Bacteria","p__Proteobacteria","c__Alphaproteobacteria","o__Rhodobacterales","f__Rhodobacteraceae","g__Pseudorhodobacter","s__",43
"OTU33","k__Bacteria","p__Firmicutes","c__Clostridia","o__Lachnospirales","f__Lachnospiraceae","g__Tyzzerella","s__uncultured_bacterium",156
"OTU336","k__Bacteria","p__Verrucomicrobiota","c__Verrucomicrobiae","o__Verrucomicrobiales","f__Rubritaleaceae","g__Luteolibacter","s__",14
"OTU34","k__Bacteria","p__Firmicutes","c__Bacilli","o__Mycoplasmatales","f__Mycoplasmataceae","g__Candidatus_Bacilloplasma","s__uncultured_bacterium",1044
"OTU345","k__Bacteria","p__Desulfobacterota","c__Syntrophobacteria","o__Syntrophobacterales","f__Syntrophobacteraceae","g__uncultured","s__uncultured_proteobacterium",20
"OTU3456","k__Bacteria","p__Patescibacteria","c__CPR2","o__CPR2","f__CPR2","g__CPR2","s__uncultured_bacterium",6
"OTU348","k__Bacteria","p__Actinobacteriota","c__Actinobacteria","o__PeM15","f__PeM15","g__PeM15","s__metagenome",54
"OTU355","k__Bacteria","p__Actinobacteriota","c__Coriobacteriia","o__OPB41","f__OPB41","g__OPB41","s__",22
"OTU362","k__Bacteria","p__Desulfobacterota","c__Desulfobaccia","o__Desulfobaccales","f__Desulfobaccaceae","g__Desulfobacca","s__Desulfobacca_acetoxidans",6
"OTU367","k__Bacteria","p__Cyanobacteria","c__Cyanobacteriia","o__Oxyphotobacteria_Incertae_Sedis","f__Unknown_Family","g__Calothrix_KVSF5","s__Calothrix_sp.",30
"OTU37","k__Bacteria","p__Firmicutes","c__Bacilli","o__Lactobacillales","f__Streptococcaceae","g__Streptococcus","s__",504
"OTU3753","k__Bacteria","p__Proteobacteria","c__Gammaproteobacteria","o__Enterobacterales","f__Enterobacteriaceae","g__","s__",19
"OTU3755","k__Bacteria","p__Firmicutes","c__Bacilli","o__RsaHf231","f__RsaHf231","g__RsaHf231","s__uncultured_bacterium",8
"OTU3756","k__Bacteria","p__Proteobacteria","c__Gammaproteobacteria","o__Enterobacterales","f__Enterobacteriaceae","g__","s__",14
"OTU3765","k__Bacteria","p__Firmicutes","c__Bacilli","o__Mycoplasmatales","f__Mycoplasmataceae","g__","s__",7
"OTU3766","k__Bacteria","p__Proteobacteria","c__Alphaproteobacteria","o__Sphingomonadales","f__Sphingomonadaceae","g__","s__",3
"OTU38","k__Bacteria","p__Firmicutes","c__Clostridia","o__Peptostreptococcales-Tissierellales","f__Anaerovoracaceae","g__[Eubacterium]_brachy_group","s__uncultured_bacterium",1207
"OTU381","k__Bacteria","p__Proteobacteria","c__Alphaproteobacteria","o__Rhodobacterales","f__Rhodobacteraceae","g__Pseudorhodobacter","s__",18
"OTU384","k__Bacteria","p__Proteobacteria","c__Alphaproteobacteria","o__Rhodobacterales","f__Rhodobacteraceae","g__Tabrizicola","s__uncultured_bacterium",12
"OTU39","k__Bacteria","p__Firmicutes","c__Bacilli","o__Erysipelotrichales","f__Erysipelotrichaceae","g__ZOR0006","s__uncultured_bacterium",578
"OTU391","k__Bacteria","p__Proteobacteria","c__Gammaproteobacteria","o__SZB30","f__SZB30","g__SZB30","s__uncultured_bacterium",123
"OTU393","k__Bacteria","p__Cyanobacteria","c__Cyanobacteriia","o__Synechococcales","f__Cyanobiaceae","g__Cyanobium_PCC-6307","s__",14
"OTU396","k__Bacteria","p__Verrucomicrobiota","c__Verrucomicrobiae","o__Verrucomicrobiales","f__Rubritaleaceae","g__Luteolibacter","s__",44
"OTU4","k__Bacteria","p__Firmicutes","c__Bacilli","o__Erysipelotrichales","f__Erysipelotrichaceae","g__[Anaerorhabdus]_furcosa_group","s__",8628
"OTU4099","k__Bacteria","p__Bacteroidota","c__Bacteroidia","o__Bacteroidales","f__Prevotellaceae","g__Prevotella","s__Prevotella_melaninogenica",5
"OTU410","k__Bacteria","p__Proteobacteria","c__Alphaproteobacteria","o__Rhizobiales","f__Rhizobiales_Incertae_Sedis","g__Alsobacter","s__",22
"OTU411","k__Bacteria","p__Proteobacteria","c__Gammaproteobacteria","o__Burkholderiales","f__Sutterellaceae","g__uncultured","s__",2
"OTU413","k__Bacteria","p__Actinobacteriota","c__Coriobacteriia","o__OPB41","f__OPB41","g__OPB41","s__",16
"OTU4146","k__Bacteria","p__Actinobacteriota","c__Acidimicrobiia","o__Actinomarinales","f__uncultured","g__uncultured","s__",7
"OTU4147","k__Bacteria","p__Proteobacteria","c__Gammaproteobacteria","o__Enterobacterales","f__Enterobacteriaceae","g__","s__",5
"OTU4156","k__Bacteria","p__Bacteroidota","c__Bacteroidia","o__Bacteroidales","f__Bacteroidaceae","g__Bacteroides","s__Bacteroides_coprocola",2
"OTU4157","k__Bacteria","p__Proteobacteria","c__Gammaproteobacteria","o__Xanthomonadales","f__Xanthomonadaceae","g__Luteimonas","s__",8
"OTU417","k__Bacteria","p__Proteobacteria","c__Gammaproteobacteria","o__Burkholderiales","f__Rhodocyclaceae","g__Dechloromonas","s__",8
"OTU421","k__Bacteria","p__Proteobacteria","c__Gammaproteobacteria","o__Burkholderiales","f__Rhodocyclaceae","g__Dechloromonas","s__uncultured_bacterium",19
"OTU423","k__Bacteria","p__Proteobacteria","c__Alphaproteobacteria","o__Rhodobacterales","f__Rhodobacteraceae","g__Nautella","s__",24
"OTU43","k__Bacteria","p__Proteobacteria","c__Gammaproteobacteria","o__Alteromonadales","f__Shewanellaceae","g__Shewanella","s__",1397
"OTU433","k__Bacteria","p__Proteobacteria","c__Alphaproteobacteria","o__Rhodobacterales","f__Rhodobacteraceae","g__","s__",12
"OTU435","k__Bacteria","p__Proteobacteria","c__Alphaproteobacteria","o__Rhodobacterales","f__Rhodobacteraceae","g__Rhodobacter","s__",28
"OTU44","k__Bacteria","p__Firmicutes","c__Clostridia","o__Clostridiales","f__Clostridiaceae","g__Clostridium_sensu_stricto_1","s__uncultured_Clostridium",184
"OTU444","k__Bacteria","p__Proteobacteria","c__Gammaproteobacteria","o__Steroidobacterales","f__Steroidobacteraceae","g__uncultured","s__",10
"OTU45","k__Bacteria","p__Firmicutes","c__Clostridia","o__Lachnospirales","f__Lachnospiraceae","g__Tyzzerella","s__",647
"OTU457","k__Bacteria","p__Proteobacteria","c__Gammaproteobacteria","o__HOC36","f__HOC36","g__HOC36","s__uncultured_bacterium",6
"OTU4590","k__Bacteria","p__Proteobacteria","c__Gammaproteobacteria","o__Burkholderiales","f__Chromobacteriaceae","g__Crenobacter","s__uncultured_bacterium",9
"OTU46","k__Bacteria","p__Firmicutes","c__Clostridia","o__Clostridiales","f__Clostridiaceae","g__","s__",64
"OTU4612","k__Bacteria","p__Chloroflexi","c__Anaerolineae","o__Anaerolineales","f__Anaerolineaceae","g__uncultured","s__uncultured_Chloroflexi",3
"OTU4613","k__Bacteria","p__Firmicutes","c__Bacilli","o__Mycoplasmatales","f__Mycoplasmataceae","g__Candidatus_Bacilloplasma","s__uncultured_bacterium",3
"OTU462","k__Bacteria","p__Actinobacteriota","c__Actinobacteria","o__Propionibacteriales","f__Propionibacteriaceae","g__uncultured","s__metagenome",27
"OTU4621","k__Bacteria","p__Firmicutes","c__Bacilli","o__RsaHf231","f__RsaHf231","g__RsaHf231","s__uncultured_bacterium",5
"OTU4626","k__Bacteria","p__Firmicutes","c__Bacilli","o__Lactobacillales","f__Streptococcaceae","g__Streptococcus","s__",3
"OTU465","k__Bacteria","p__Proteobacteria","c__Alphaproteobacteria","o__Rhizobiales","f__Rhizobiales_Incertae_Sedis","g__Phreatobacter","s__",11
"OTU47","k__Bacteria","p__Proteobacteria","c__Gammaproteobacteria","o__Alteromonadales","f__Shewanellaceae","g__Shewanella","s__",1317
"OTU479","k__Bacteria","p__Proteobacteria","c__Alphaproteobacteria","o__Rhodobacterales","f__Rhodobacteraceae","g__Tabrizicola","s__",18
"OTU48","k__Bacteria","p__Firmicutes","c__Bacilli","o__Lactobacillales","f__Streptococcaceae","g__Lactococcus","s__Lactococcus_garvieae",161
"OTU480","k__Bacteria","p__Proteobacteria","c__Gammaproteobacteria","o__Methylococcales","f__Methylomonadaceae","g__Crenothrix","s__uncultured_bacterium",8
"OTU481","k__Bacteria","p__Proteobacteria","c__Alphaproteobacteria","o__Rhizobiales","f__Rhizobiaceae","g__","s__",11
"OTU488","k__Bacteria","p__Actinobacteriota","c__Acidimicrobiia","o__Microtrichales","f__Ilumatobacteraceae","g__uncultured","s__uncultured_soil",2
"OTU49","k__Bacteria","p__Bacteroidota","c__Bacteroidia","o__Bacteroidales","f__Bacteroidaceae","g__Bacteroides","s__Bacteroidaceae_bacterium",834
"OTU492","k__Bacteria","p__Patescibacteria","c__Saccharimonadia","o__Saccharimonadales","f__Saccharimonadales","g__Saccharimonadales","s__",22
"OTU5","k__Bacteria","p__Firmicutes","c__Bacilli","o__RsaHf231","f__RsaHf231","g__RsaHf231","s__uncultured_bacterium",31915
"OTU50","k__Bacteria","p__Proteobacteria","c__Gammaproteobacteria","o__Vibrionales","f__Vibrionaceae","g__Vibrio","s__",1199
"OTU509","k__Bacteria","p__Desulfobacterota","c__Desulfobaccia","o__Desulfobaccales","f__Desulfobaccaceae","g__Desulfobacca","s__uncultured_bacterium",8
"OTU512","k__Bacteria","p__Proteobacteria","c__Alphaproteobacteria","o__Rhizobiales","f__Hyphomicrobiaceae","g__Hyphomicrobium","s__metagenome",7
"OTU519","k__Bacteria","p__Proteobacteria","c__Gammaproteobacteria","o__Methylococcales","f__Methylococcaceae","g__Methyloparacoccus","s__uncultured_bacterium",15
"OTU52","k__Bacteria","p__Firmicutes","c__Clostridia","o__Clostridiales","f__Clostridiaceae","g__Clostridium_sensu_stricto_1","s__",13
"OTU523","k__Bacteria","p__Proteobacteria","c__Gammaproteobacteria","o__Burkholderiales","f__Comamonadaceae","g__Ramlibacter","s__",17
"OTU526","k__Bacteria","p__Proteobacteria","c__Gammaproteobacteria","o__Methylococcales","f__Methylomonadaceae","g__Crenothrix","s__uncultured_bacterium",10
"OTU5279","k__Bacteria","p__Desulfobacterota","c__Syntrophobacteria","o__Syntrophobacterales","f__Syntrophobacteraceae","g__Syntrophobacter","s__uncultured_bacterium",7
"OTU5280","k__Bacteria","p__Proteobacteria","c__Gammaproteobacteria","o__Xanthomonadales","f__Xanthomonadaceae","g__Luteimonas","s__",4
"OTU5282","k__Bacteria","p__Proteobacteria","c__Gammaproteobacteria","o__Enterobacterales","f__Enterobacteriaceae","g__","s__",3
"OTU5300","k__Bacteria","p__Firmicutes","c__Clostridia","o__Clostridiales","f__Clostridiaceae","g__Clostridium_sensu_stricto_1","s__",6
"OTU5304","k__Bacteria","p__Firmicutes","c__Bacilli","o__Lactobacillales","f__Streptococcaceae","g__Streptococcus","s__",8
"OTU5305","k__Bacteria","p__Chloroflexi","c__Anaerolineae","o__Anaerolineales","f__Anaerolineaceae","g__uncultured","s__",4
"OTU5309","k__Bacteria","p__Firmicutes","c__Desulfitobacteriia","o__Desulfitobacteriales","f__Desulfitobacteriales","g__TC1","s__endosymbiont_TC1",5
"OTU5310","k__Bacteria","p__Proteobacteria","c__Gammaproteobacteria","o__HOC36","f__HOC36","g__HOC36","s__uncultured_bacterium",6
"OTU5312","k__Bacteria","p__Firmicutes","c__Clostridia","o__Lachnospirales","f__","g__","s__",2
"OTU5315","k__Bacteria","p__Firmicutes","c__Clostridia","o__","f__","g__","s__",3
"OTU5316","k__Bacteria","p__Proteobacteria","c__Gammaproteobacteria","o__Gammaproteobacteria_Incertae_Sedis","f__Unknown_Family","g__Unknown_Family","s__",7
"OTU5319","k__Bacteria","p__Firmicutes","c__Clostridia","o__Lachnospirales","f__Lachnospiraceae","g__Lachnospiraceae_NK4A136_group","s__",3
"OTU5320","k__Bacteria","p__Patescibacteria","c__Saccharimonadia","o__Saccharimonadales","f__Saccharimonadales","g__Saccharimonadales","s__",7
"OTU534","k__Bacteria","p__Firmicutes","c__Bacilli","o__Lactobacillales","f__Streptococcaceae","g__Lactococcus","s__",18
"OTU54","k__Bacteria","p__Proteobacteria","c__Gammaproteobacteria","o__Enterobacterales","f__Enterobacteriaceae","g__Klebsiella","s__",196
"OTU541","k__Bacteria","p__Proteobacteria","c__Alphaproteobacteria","o__Rhizobiales","f__Rhizobiales_Incertae_Sedis","g__Phreatobacter","s__",15
"OTU552","k__Bacteria","p__Bacteroidota","c__Bacteroidia","o__Bacteroidales","f__Prevotellaceae","g__Prevotella","s__",4
"OTU56","k__Bacteria","p__Firmicutes","c__Bacilli","o__Erysipelotrichales","f__Erysipelatoclostridiaceae","g__Erysipelatoclostridium","s__",136
"OTU57","k__Bacteria","p__Fusobacteriota","c__Fusobacteriia","o__Fusobacteriales","f__Fusobacteriaceae","g__Cetobacterium","s__uncultured_bacterium",533
"OTU570","k__Bacteria","p__Verrucomicrobiota","c__Verrucomicrobiae","o__Verrucomicrobiales","f__DEV007","g__DEV007","s__uncultured_Verrucomicrobiales",4
"OTU571","k__Bacteria","p__Proteobacteria","c__Alphaproteobacteria","o__Rhizobiales","f__Hyphomicrobiaceae","g__Pedomicrobium","s__uncultured_bacterium",20
"OTU574","k__Bacteria","p__Proteobacteria","c__Alphaproteobacteria","o__Sphingomonadales","f__Sphingomonadaceae","g__Sphingomonas","s__",15
"OTU58","k__Bacteria","p__Bacteroidota","c__Bacteroidia","o__Bacteroidales","f__Dysgonomonadaceae","g__Dysgonomonas","s__Dysgonomonas_alginatilytica",132
"OTU583","k__Bacteria","p__Patescibacteria","c__Saccharimonadia","o__Saccharimonadales","f__Saccharimonadales","g__Saccharimonadales","s__uncultured_bacterium",8
"OTU59","k__Bacteria","p__Firmicutes","c__Clostridia","o__Lachnospirales","f__Lachnospiraceae","g__Tyzzerella","s__",53
"OTU594","k__Bacteria","p__Firmicutes","c__Clostridia","o__Clostridiales","f__Clostridiaceae","g__Clostridium_sensu_stricto_11","s__",9
"OTU597","k__Bacteria","p__Actinobacteriota","c__Actinobacteria","o__PeM15","f__PeM15","g__PeM15","s__metagenome",7
"OTU6","k__Bacteria","p__Firmicutes","c__Bacilli","o__RsaHf231","f__RsaHf231","g__RsaHf231","s__uncultured_bacterium",10832
"OTU603","k__Bacteria","p__Firmicutes","c__Bacilli","o__Lactobacillales","f__Streptococcaceae","g__Lactococcus","s__uncultured_bacterium",11
"OTU605","k__Bacteria","p__Cyanobacteria","c__Cyanobacteriia","o__Cyanobacteriales","f__Phormidiaceae","g__Phormidiaceae","s__uncultured_bacterium",7
"OTU612","k__Bacteria","p__Chloroflexi","c__Anaerolineae","o__Caldilineales","f__Caldilineaceae","g__uncultured","s__metagenome",6
"OTU613","k__Bacteria","p__Proteobacteria","c__Gammaproteobacteria","o__Methylococcales","f__Methylomonadaceae","g__Crenothrix","s__uncultured_bacterium",6
"OTU619","k__Bacteria","p__Verrucomicrobiota","c__Verrucomicrobiae","o__Chthoniobacterales","f__Chthoniobacteraceae","g__Chthoniobacter","s__uncultured_Verrucomicrobia",33
"OTU620","k__Bacteria","p__Proteobacteria","c__Gammaproteobacteria","o__Gammaproteobacteria_Incertae_Sedis","f__Unknown_Family","g__Unknown_Family","s__uncultured_bacterium",11
"OTU628","k__Bacteria","p__Patescibacteria","c__Saccharimonadia","o__Saccharimonadales","f__Saccharimonadales","g__Saccharimonadales","s__",13
"OTU6286","k__Bacteria","p__Proteobacteria","c__Alphaproteobacteria","o__Azospirillales","f__Azospirillaceae","g__Skermanella","s__",9
"OTU6289","k__Bacteria","p__Firmicutes","c__Clostridia","o__Peptostreptococcales-Tissierellales","f__Peptostreptococcaceae","g__","s__",7
"OTU63","k__Bacteria","p__Firmicutes","c__Clostridia","o__Clostridiales","f__Clostridiaceae","g__Candidatus_Arthromitus","s__Candidatus_Arthromitus",147
"OTU6349","k__Bacteria","p__Verrucomicrobiota","c__Verrucomicrobiae","o__Verrucomicrobiales","f__DEV007","g__DEV007","s__uncultured_Verrucomicrobiales",2
"OTU6356","k__Bacteria","p__Firmicutes","c__Bacilli","o__Lactobacillales","f__Leuconostocaceae","g__Weissella","s__",2
"OTU6359","k__Bacteria","p__Verrucomicrobiota","c__Verrucomicrobiae","o__Chthoniobacterales","f__Chthoniobacteraceae","g__Chthoniobacter","s__",4
"OTU6360","k__Bacteria","p__Firmicutes","c__Bacilli","o__Lactobacillales","f__Leuconostocaceae","g__Weissella","s__",3
"OTU6366","k__Bacteria","p__Patescibacteria","c__Berkelbacteria","o__Berkelbacteria","f__Berkelbacteria","g__Berkelbacteria","s__uncultured_bacterium",6
"OTU6372","k__Bacteria","p__Bacteroidota","c__Bacteroidia","o__Bacteroidales","f__Bacteroidaceae","g__Bacteroides","s__",6
"OTU6397","k__Bacteria","p__Proteobacteria","c__Gammaproteobacteria","o__Burkholderiales","f__Burkholderiaceae","g__Ralstonia","s__",2
"OTU642","k__Bacteria","p__Proteobacteria","c__Alphaproteobacteria","o__Rhizobiales","f__Rhizobiaceae","g__","s__",9
"OTU656","k__Bacteria","p__Firmicutes","c__Clostridia","o__Clostridiales","f__Clostridiaceae","g__Clostridium_sensu_stricto_1","s__",47
"OTU66","k__Bacteria","p__Proteobacteria","c__Gammaproteobacteria","o__Burkholderiales","f__Comamonadaceae","g__Brachymonas","s__Brachymonas_sp.",1124
"OTU67","k__Bacteria","p__Proteobacteria","c__Gammaproteobacteria","o__Enterobacterales","f__Enterobacteriaceae","g__","s__",148
"OTU677","k__Bacteria","p__Patescibacteria","c__Saccharimonadia","o__Saccharimonadales","f__Saccharimonadales","g__Saccharimonadales","s__uncultured_bacterium",39
"OTU68","k__Bacteria","p__Firmicutes","c__Bacilli","o__Lactobacillales","f__Streptococcaceae","g__Streptococcus","s__",5274
"OTU685","k__Bacteria","p__Firmicutes","c__Clostridia","o__Clostridiales","f__Clostridiaceae","g__","s__",19
"OTU7","k__Bacteria","p__Firmicutes","c__Bacilli","o__Mycoplasmatales","f__Mycoplasmataceae","g__Candidatus_Bacilloplasma","s__uncultured_bacterium",6578
"OTU719","k__Bacteria","p__Proteobacteria","c__Gammaproteobacteria","o__Vibrionales","f__Vibrionaceae","g__Vibrio","s__",4
"OTU747","k__Bacteria","p__Proteobacteria","c__Alphaproteobacteria","o__Rhizobiales","f__Rhizobiales_Incertae_Sedis","g__uncultured","s__",21
"OTU75","k__Bacteria","p__Proteobacteria","c__Gammaproteobacteria","o__Vibrionales","f__Vibrionaceae","g__Vibrio","s__",525
"OTU757","k__Bacteria","p__Firmicutes","c__Bacilli","o__Exiguobacterales","f__Exiguobacteraceae","g__Exiguobacterium","s__uncultured_bacterium",5
"OTU760","k__Bacteria","p__Actinobacteriota","c__Actinobacteria","o__","f__","g__","s__",9
"OTU762","k__Bacteria","p__Proteobacteria","c__Gammaproteobacteria","o__Gammaproteobacteria_Incertae_Sedis","f__Unknown_Family","g__Unknown_Family","s__uncultured_bacterium",7
"OTU763","k__Bacteria","p__Patescibacteria","c__Saccharimonadia","o__Saccharimonadales","f__LWQ8","g__LWQ8","s__uncultured_bacterium",13
"OTU77","k__Bacteria","p__Proteobacteria","c__Gammaproteobacteria","o__Enterobacterales","f__Enterobacteriaceae","g__Escherichia-Shigella","s__",225
"OTU772","k__Bacteria","p__Actinobacteriota","c__Actinobacteria","o__PeM15","f__PeM15","g__PeM15","s__uncultured_bacterium",12
"OTU78","k__Bacteria","p__Proteobacteria","c__Gammaproteobacteria","o__SZB30","f__SZB30","g__SZB30","s__uncultured_bacterium",911
"OTU781","k__Bacteria","p__Actinobacteriota","c__Acidimicrobiia","o__Microtrichales","f__Ilumatobacteraceae","g__CL500-29_marine_group","s__",3
"OTU79","k__Bacteria","p__Cyanobacteria","c__Cyanobacteriia","o__Synechococcales","f__Cyanobiaceae","g__Cyanobium_PCC-6307","s__",307
"OTU794","k__Bacteria","p__Proteobacteria","c__Gammaproteobacteria","o__Pseudomonadales","f__Moraxellaceae","g__Acinetobacter","s__uncultured_bacterium",15
"OTU796","k__Bacteria","p__Cyanobacteria","c__Cyanobacteriia","o__Oxyphotobacteria_Incertae_Sedis","f__Unknown_Family","g__Leptolyngbya_ANT.L52.2","s__Leptolyngbya_sp.",35
"OTU8","k__Bacteria","p__Firmicutes","c__Bacilli","o__Mycoplasmatales","f__Mycoplasmataceae","g__Candidatus_Bacilloplasma","s__uncultured_bacterium",8522
"OTU810","k__Bacteria","p__Patescibacteria","c__Saccharimonadia","o__Saccharimonadales","f__Saccharimonadales","g__Saccharimonadales","s__uncultured_bacterium",8
"OTU815","k__Bacteria","p__Firmicutes","c__Clostridia","o__Clostridiales","f__Clostridiaceae","g__Clostridium_sensu_stricto_5","s__Clostridium_sp.",33
"OTU816","k__Bacteria","p__Proteobacteria","c__Gammaproteobacteria","o__Burkholderiales","f__Sutterellaceae","g__uncultured","s__uncultured_bacterium",9
"OTU820","k__Bacteria","p__Proteobacteria","c__Gammaproteobacteria","o__Methylococcales","f__Methylococcaceae","g__","s__",14
"OTU822","k__Bacteria","p__Proteobacteria","c__Gammaproteobacteria","o__Methylococcales","f__Methylococcaceae","g__Methyloparacoccus","s__uncultured_bacterium",4
"OTU8253","k__Bacteria","p__Firmicutes","c__Bacilli","o__Mycoplasmatales","f__Mycoplasmataceae","g__Candidatus_Bacilloplasma","s__uncultured_bacterium",2
"OTU8255","k__Bacteria","p__Firmicutes","c__Clostridia","o__Lachnospirales","f__Lachnospiraceae","g__","s__",5
"OTU8267","k__Bacteria","p__Firmicutes","c__Bacilli","o__Mycoplasmatales","f__Mycoplasmataceae","g__Candidatus_Bacilloplasma","s__uncultured_bacterium",6
"OTU8268","k__Bacteria","p__Acidobacteriota","c__Subgroup_22","o__Subgroup_22","f__Subgroup_22","g__Subgroup_22","s__",8
"OTU8275","k__Bacteria","p__Firmicutes","c__Clostridia","o__Peptostreptococcales-Tissierellales","f__Anaerovoracaceae","g__","s__",2
"OTU838","k__Bacteria","p__Firmicutes","c__Clostridia","o__Clostridiales","f__Clostridiaceae","g__Clostridium_sensu_stricto_12","s__uncultured_bacterium",12
"OTU839","k__Bacteria","p__Cyanobacteria","c__Cyanobacteriia","o__Oxyphotobacteria_Incertae_Sedis","f__Unknown_Family","g__uncultured","s__uncultured_bacterium",8
"OTU840","k__Bacteria","p__Proteobacteria","c__Alphaproteobacteria","o__Reyranellales","f__Reyranellaceae","g__uncultured","s__uncultured_bacterium",9
"OTU8426","k__Bacteria","p__Firmicutes","c__Clostridia","o__Clostridiales","f__Clostridiaceae","g__Clostridium_sensu_stricto_1","s__",6
"OTU8430","k__Bacteria","p__Actinobacteriota","c__Coriobacteriia","o__OPB41","f__OPB41","g__OPB41","s__uncultured_soil",5
"OTU8437","k__Bacteria","p__Actinobacteriota","c__Thermoleophilia","o__Gaiellales","f__uncultured","g__uncultured","s__",3
"OTU8441","k__Bacteria","p__Actinobacteriota","c__Thermoleophilia","o__Gaiellales","f__uncultured","g__uncultured","s__uncultured_Rubrobacteraceae",5
"OTU8445","k__Bacteria","p__Firmicutes","c__Clostridia","o__Clostridiales","f__Clostridiaceae","g__","s__",2
"OTU8447","k__Bacteria","p__Proteobacteria","c__Gammaproteobacteria","o__Methylococcales","f__Methylomonadaceae","g__Crenothrix","s__",2
"OTU846","k__Bacteria","p__Actinobacteriota","c__Thermoleophilia","o__Gaiellales","f__uncultured","g__uncultured","s__",10
"OTU8460","k__Bacteria","p__Bacteroidota","c__Bacteroidia","o__Bacteroidales","f__Dysgonomonadaceae","g__Dysgonomonas","s__Dysgonomonas_alginatilytica",5
"OTU8465","k__Bacteria","p__Proteobacteria","c__Alphaproteobacteria","o__Defluviicoccales","f__Defluviicoccaceae","g__Defluviicoccus","s__metagenome",4
"OTU8466","k__Bacteria","p__Proteobacteria","c__Alphaproteobacteria","o__Acetobacterales","f__Acetobacteraceae","g__","s__",4
"OTU8492","k__Bacteria","p__Proteobacteria","c__Gammaproteobacteria","o__Burkholderiales","f__Methylophilaceae","g__UBA6140","s__uncultured_bacterium",2
"OTU857","k__Bacteria","p__Proteobacteria","c__Gammaproteobacteria","o__Cellvibrionales","f__Halieaceae","g__OM60(NOR5)_clade","s__uncultured_bacterium",9
"OTU86","k__Bacteria","p__Firmicutes","c__Clostridia","o__Peptostreptococcales-Tissierellales","f__Anaerovoracaceae","g__","s__",219
"OTU874","k__Bacteria","p__Proteobacteria","c__Gammaproteobacteria","o__Pseudomonadales","f__Moraxellaceae","g__Acinetobacter","s__",17
"OTU875","k__Bacteria","p__Firmicutes","c__Bacilli","o__Bacillales","f__Planococcaceae","g__Lysinibacillus","s__",6
"OTU878","k__Bacteria","p__Proteobacteria","c__Gammaproteobacteria","o__Gammaproteobacteria_Incertae_Sedis","f__Unknown_Family","g__Unknown_Family","s__uncultured_bacterium",13
"OTU88","k__Bacteria","p__Cyanobacteria","c__Cyanobacteriia","o__Cyanobacteriales","f__Phormidiaceae","g__Planktothrix_NIVA-CYA_15","s__bacterium_enrichment",579
"OTU889","k__Bacteria","p__Actinobacteriota","c__Actinobacteria","o__Corynebacteriales","f__Mycobacteriaceae","g__Mycobacterium","s__",6
"OTU9","k__Bacteria","p__Firmicutes","c__Bacilli","o__Erysipelotrichales","f__Erysipelotrichaceae","g__ZOR0006","s__uncultured_bacterium",18775
"OTU901","k__Bacteria","p__Proteobacteria","c__Gammaproteobacteria","o__Methylococcales","f__Methylococcaceae","g__Methylocaldum","s__uncultured_bacterium",7
"OTU910","k__Bacteria","p__Verrucomicrobiota","c__Verrucomicrobiae","o__Verrucomicrobiales","f__Rubritaleaceae","g__Luteolibacter","s__",2
"OTU920","k__Bacteria","p__Firmicutes","c__Clostridia","o__Clostridiales","f__Clostridiaceae","g__Clostridium_sensu_stricto_6","s__uncultured_bacterium",54
"OTU928","k__Bacteria","p__Proteobacteria","c__Gammaproteobacteria","o__HOC36","f__HOC36","g__HOC36","s__uncultured_bacterium",3
"OTU94","k__Bacteria","p__Cyanobacteria","c__Cyanobacteriia","o__Cyanobacteriales","f__Phormidiaceae","g__","s__",160
"OTU948","k__Bacteria","p__Proteobacteria","c__Gammaproteobacteria","o__Competibacterales","f__Competibacteraceae","g__Candidatus_Competibacter","s__",5
"OTU95","k__Bacteria","p__Proteobacteria","c__Alphaproteobacteria","o__Rhodobacterales","f__Rhodobacteraceae","g__Rhodobacter","s__",308
"OTU954","k__Bacteria","p__Proteobacteria","c__Gammaproteobacteria","o__Diplorickettsiales","f__Diplorickettsiaceae","g__Aquicella","s__uncultured_bacterium",10
"OTU97","k__Bacteria","p__Firmicutes","c__Bacilli","o__Mycoplasmatales","f__Mycoplasmataceae","g__Candidatus_Bacilloplasma","s__uncultured_bacterium",119
"OTU98","k__Bacteria","p__Proteobacteria","c__Alphaproteobacteria","o__Rhizobiales","f__Beijerinckiaceae","g__Methylocystis","s__",241
"OTU981","k__Bacteria","p__Firmicutes","c__Clostridia","o__Clostridiales","f__Clostridiaceae","g__Clostridium_sensu_stricto_6","s__uncultured_bacterium",45
"OTU991","k__Bacteria","p__Proteobacteria","c__Gammaproteobacteria","o__EV818SWSAP88","f__EV818SWSAP88","g__EV818SWSAP88","s__uncultured_bacterium",11
